/* This file is created by MySQLReback 2016-01-20 17:12:19 */
 /* 创建表结构 `im_aboutus`  */
 DROP TABLE IF EXISTS `im_aboutus`;/* MySQLReback Separation */ CREATE TABLE `im_aboutus` (
  `id` tinyint(3) unsigned NOT NULL AUTO_INCREMENT COMMENT 'id',
  `title` varchar(30) NOT NULL,
  `image` varchar(250) NOT NULL,
  `contents` text CHARACTER SET utf16 NOT NULL,
  `coordinate` varchar(250) NOT NULL COMMENT '坐标',
  `maplabel` varchar(25) NOT NULL COMMENT '地图标签',
  PRIMARY KEY (`id`)
) ENGINE=InnoDB AUTO_INCREMENT=2 DEFAULT CHARSET=utf8;/* MySQLReback Separation */
 /* 插入数据 `im_aboutus` */
 INSERT INTO `im_aboutus` VALUES ('1','关于滇晟','2016-01-16/5699fede4d4f4.JPG','&lt;p&gt;\r\n	&lt;span style=&quot;font-size:32px;&quot;&gt;&lt;strong&gt;临沧滇晟农林发展有限公司&lt;/strong&gt;&lt;/span&gt; \r\n&lt;/p&gt;\r\n&lt;p&gt;\r\n	&lt;span style=&quot;font-size:24px;line-height:2.5;&quot;&gt;公司地址：&lt;/span&gt; \r\n&lt;/p&gt;\r\n&lt;p&gt;\r\n	&lt;span style=&quot;font-size:24px;line-height:2.5;&quot;&gt;公司邮箱：&lt;/span&gt; \r\n&lt;/p&gt;\r\n&lt;p&gt;\r\n	&lt;span style=&quot;font-size:24px;line-height:2.5;&quot;&gt;公司电话：&lt;/span&gt; \r\n&lt;/p&gt;\r\n&lt;p&gt;\r\n	&lt;span style=&quot;font-size:24px;line-height:2.5;&quot;&gt;公司传真：&lt;/span&gt; \r\n&lt;/p&gt;','102.676915,25.053905','滇晟公司');/* MySQLReback Separation */
 /* 创建表结构 `im_aboutus_album`  */
 DROP TABLE IF EXISTS `im_aboutus_album`;/* MySQLReback Separation */ CREATE TABLE `im_aboutus_album` (
  `id` int(10) unsigned NOT NULL AUTO_INCREMENT COMMENT '图片编号',
  `images` varchar(128) NOT NULL DEFAULT '' COMMENT '图片地址',
  PRIMARY KEY (`id`)
) ENGINE=MyISAM AUTO_INCREMENT=16 DEFAULT CHARSET=utf8;/* MySQLReback Separation */
 /* 插入数据 `im_aboutus_album` */
 INSERT INTO `im_aboutus_album` VALUES ('15','/Public/About/license/2016-01-17/569b54247c6d9.jpg'),('14','/Public/About/license/2016-01-17/569b54246d4a5.jpg'),('13','/Public/About/license/2016-01-17/569b54245bf49.jpg'),('12','/Public/About/license/2016-01-17/569b54244c15e.jpg');/* MySQLReback Separation */
 /* 创建表结构 `im_admin_info`  */
 DROP TABLE IF EXISTS `im_admin_info`;/* MySQLReback Separation */ CREATE TABLE `im_admin_info` (
  `uid` int(10) unsigned NOT NULL,
  `true_name` varchar(32) NOT NULL DEFAULT '',
  `sex` tinyint(4) NOT NULL DEFAULT '0',
  `thumbnail` varchar(128) NOT NULL DEFAULT '',
  `birthday` char(10) NOT NULL DEFAULT '0000-00-00',
  `email` varchar(64) NOT NULL DEFAULT '',
  `phone` char(15) NOT NULL DEFAULT '',
  `id_card` char(18) NOT NULL DEFAULT '',
  `department` varchar(32) NOT NULL DEFAULT '',
  `position` varchar(32) NOT NULL DEFAULT '',
  `join_time` char(10) NOT NULL DEFAULT '0000-00-00',
  `province` int(10) NOT NULL DEFAULT '0',
  `city` int(10) NOT NULL DEFAULT '0',
  `area` int(10) NOT NULL DEFAULT '0',
  `education` tinyint(4) NOT NULL DEFAULT '0',
  `marry` tinyint(1) NOT NULL DEFAULT '0'
) ENGINE=MyISAM DEFAULT CHARSET=utf8;/* MySQLReback Separation */
 /* 插入数据 `im_admin_info` */
 INSERT INTO `im_admin_info` VALUES ('7',null,'0',null,'0000-00-00',null,null,null,null,null,'0000-00-00','0','0','0','0','0'),('8',null,'0',null,'0000-00-00',null,null,null,null,null,'0000-00-00','0','0','0','0','0'),('9',null,'0',null,'0000-00-00',null,null,null,null,null,'0000-00-00','0','0','0','0','0'),('10',null,'0',null,'0000-00-00',null,null,null,null,null,'0000-00-00','0','0','0','0','0'),('11',null,'0',null,'0000-00-00',null,null,null,null,null,'0000-00-00','0','0','0','0','0'),('1',null,'0',null,'0000-00-00',null,null,null,null,null,'0000-00-00','0','0','0','0','0'),('7',null,'0',null,'0000-00-00',null,null,null,null,null,'0000-00-00','0','0','0','0','0'),('8',null,'0',null,'0000-00-00',null,null,null,null,null,'0000-00-00','0','0','0','0','0'),('9',null,'0',null,'0000-00-00',null,null,null,null,null,'0000-00-00','0','0','0','0','0'),('10',null,'0',null,'0000-00-00',null,null,null,null,null,'0000-00-00','0','0','0','0','0'),('11',null,'0',null,'0000-00-00',null,null,null,null,null,'0000-00-00','0','0','0','0','0'),('1',null,'0',null,'0000-00-00',null,null,null,null,null,'0000-00-00','0','0','0','0','0'),('7',null,'0',null,'0000-00-00',null,null,null,null,null,'0000-00-00','0','0','0','0','0'),('8',null,'0',null,'0000-00-00',null,null,null,null,null,'0000-00-00','0','0','0','0','0'),('9',null,'0',null,'0000-00-00',null,null,null,null,null,'0000-00-00','0','0','0','0','0'),('10',null,'0',null,'0000-00-00',null,null,null,null,null,'0000-00-00','0','0','0','0','0'),('11',null,'0',null,'0000-00-00',null,null,null,null,null,'0000-00-00','0','0','0','0','0'),('1',null,'0',null,'0000-00-00',null,null,null,null,null,'0000-00-00','0','0','0','0','0'),('7',null,'0',null,'0000-00-00',null,null,null,null,null,'0000-00-00','0','0','0','0','0'),('8',null,'0',null,'0000-00-00',null,null,null,null,null,'0000-00-00','0','0','0','0','0'),('9',null,'0',null,'0000-00-00',null,null,null,null,null,'0000-00-00','0','0','0','0','0'),('10',null,'0',null,'0000-00-00',null,null,null,null,null,'0000-00-00','0','0','0','0','0'),('11',null,'0',null,'0000-00-00',null,null,null,null,null,'0000-00-00','0','0','0','0','0'),('1',null,'0',null,'0000-00-00',null,null,null,null,null,'0000-00-00','0','0','0','0','0');/* MySQLReback Separation */
 /* 创建表结构 `im_admin_logs`  */
 DROP TABLE IF EXISTS `im_admin_logs`;/* MySQLReback Separation */ CREATE TABLE `im_admin_logs` (
  `id` int(10) unsigned NOT NULL AUTO_INCREMENT,
  `user_id` int(10) NOT NULL DEFAULT '0' COMMENT '操作人ID',
  `username` varchar(128) NOT NULL DEFAULT '' COMMENT '操作人用户名',
  `content` text NOT NULL COMMENT '内容',
  `ctime` int(11) NOT NULL DEFAULT '0' COMMENT '记录时间',
  `cip` bigint(20) NOT NULL DEFAULT '0',
  PRIMARY KEY (`id`),
  KEY `user_id` (`user_id`)
) ENGINE=MyISAM AUTO_INCREMENT=713 DEFAULT CHARSET=utf8;/* MySQLReback Separation */
 /* 插入数据 `im_admin_logs` */
 INSERT INTO `im_admin_logs` VALUES ('1','1','yumiazusa','用户（UID: 2）添加成功！','1443020830','2130706433'),('2','1','yumiazusa','用户（UID：2）账户状态被禁用','1443672721','2130706433'),('3','1','yumiazusa','用户（UID：2）账户状态被启用','1443672723','2130706433'),('4','1','yumiazusa','用户（UID：2）账户状态被禁用','1443672739','2130706433'),('5','1','yumiazusa','用户（UID：2）账户状态被启用','1443673239','2130706433'),('6','1','yumiazusa','用户lala（UID: 3）添加成功！','1443680498','2130706433'),('7','1','yumiazusa','角色:测试用（ROLE_ID: 9）添加成功！','1443680645','2130706433'),('8','1','yumiazusa','角色:测试2（ROLE_ID: 10）添加成功！','1443680805','2130706433'),('9','1','yumiazusa','管理员用户（UID：2）帐户删除成功','1443680848','2130706433'),('10','1','yumiazusa','用户（UID: 4）添加成功！','1443681097','2130706433'),('11','1','yumiazusa','用户（UID: 5）添加成功！','1443681108','2130706433'),('12','1','yumiazusa','管理员用户（UID：4, 5）帐户删除成功','1443681124','2130706433'),('13','1','yumiazusa','用户（UID：10）角色状态被启用','1443681629','2130706433'),('14','1','yumiazusa','用户（UID：9）角色状态被禁用','1443681632','2130706433'),('15','1','yumiazusa','用户（UID：9）角色状态被启用','1443681701','2130706433'),('16','1','yumiazusa','角色（ROLE_ID: 11）添加成功！','1443682013','2130706433'),('17','1','yumiazusa','角色（ROLE_ID: 12）添加成功！','1443682056','2130706433'),('18','1','yumiazusa','角色（ROLE_ID: 13）添加成功！','1443682158','2130706433'),('19','1','yumiazusa','角色（ROLE_ID: 14）添加成功！','1443682250','2130706433'),('20','1','yumiazusa','用户（UID: 6）添加成功！','1443684808','2130706433'),('21','6','laojianb','用户（UID: 7）添加成功！','1443685470','2130706433'),('22','6','laojianb','用户（UID：12）角色状态被启用','1443685486','2130706433'),('23','6','laojianb','用户（UID：1）账户状态被启用','1443685610','2130706433'),('24','6','laojianb','用户（UID: 8）添加成功！','1443685815','2130706433'),('25','6','laojianb','用户（UID: 7）修改成功！','1443685974','2130706433'),('26','6','laojianb','用户（UID: 7）修改成功！','1443686077','2130706433'),('27','6','laojianb','管理员用户（UID：7）帐户删除成功','1443686286','2130706433'),('28','6','laojianb','用户（UID：13）角色状态被禁用','1443687317','2130706433'),('29','6','laojianb','用户（UID：9）角色状态被禁用','1443687325','2130706433'),('30','6','laojianb','角色（UID: 9）修改成功！','1443687883','2130706433'),('31','6','laojianb','角色（UID: 9）修改成功！','1443687894','2130706433'),('32','6','laojianb','用户（UID：9）角色状态被启用','1443687901','2130706433'),('33','6','laojianb','角色（UID: 9）修改成功！','1443687915','2130706433'),('34','6','laojianb','角色（UID: 9）修改成功！','1443689010','2130706433'),('35','6','laojianb','角色（UID: 9）修改成功！','1443689025','2130706433'),('36','6','laojianb','角色（UID: 9）修改成功！','1443689030','2130706433'),('37','6','laojianb','角色（UID: 9）修改成功！','1443689092','2130706433'),('38','6','laojianb','用户（UID: 1）修改成功！','1443689194','2130706433'),('39','6','laojianb','角色（UID: 10）修改成功！','1443689486','2130706433'),('40','6','laojianb','用户（UID: 9）添加成功！','1443689919','2130706433'),('41','6','laojianb','管理员用户（UID：9）帐户删除成功','1443689932','2130706433'),('42','6','laojianb','用户（UID: 10）添加成功！','1443690087','2130706433'),('43','6','laojianb','管理员用户（UID：10）帐户删除成功','1443690092','2130706433'),('44','6','laojianb','用户（UID: 11）添加成功！','1443690137','2130706433'),('45','6','laojianb','用户（UID: 12）添加成功！','1443690273','2130706433'),('46','6','laojianb','用户（UID: 13）添加成功！','1443690284','2130706433'),('47','6','laojianb','用户（UID: 14）添加成功！','1443690328','2130706433'),('48','6','laojianb','用户（UID: 15）添加成功！','1443690381','2130706433'),('49','6','laojianb','用户（UID: 16）添加成功！','1443690470','2130706433'),('50','6','laojianb','用户（UID: 17）添加成功！','1443690480','2130706433'),('51','6','laojianb','用户（UID: 18）添加成功！','1443690651','2130706433'),('52','6','laojianb','用户（UID: 19）添加成功！','1443692258','2130706433'),('53','6','laojianb','用户（UID: 20）添加成功！','1443692648','2130706433'),('54','6','laojianb','用户（UID: 21）添加成功！','1443692809','2130706433'),('55','6','laojianb','管理员用户（UID：11, 21, 6）帐户删除成功','1443692819','2130706433'),('56','6','laojianb','管理员用户（UID：19, 18, 17, 16, 15, 14, 13, 12, 20）帐户删除成功','1443692867','2130706433'),('57','6','laojianb','用户（UID: 22）添加成功！','1443692908','2130706433'),('58','6','laojianb','用户（UID: 22）修改成功！','1443692992','2130706433');/* MySQLReback Separation */
 /* 插入数据 `im_admin_logs` */
 INSERT INTO `im_admin_logs` VALUES ('59','6','laojianb','角色（ROLE_ID: 15）添加成功！','1443693108','2130706433');/* MySQLReback Separation */
 /* 插入数据 `im_admin_logs` */
 INSERT INTO `im_admin_logs` VALUES ('60','1','yumiazusa','用户（UID：22）账户状态被启用','1443705937','2130706433'),('61','1','yumiazusa','用户（UID: 1）修改成功！','1443705950','2130706433'),('62','1','yumiazusa','管理员用户（UID：1, 22）帐户删除成功','1443706003','2130706433'),('63','1','yumiazusa','用户（UID: 1）添加成功！','1443706072','2130706433'),('64','1','yumiazusa','用户（UID: 2）添加成功！','1443706920','2130706433'),('65','1','yumiazusa','管理员用户（UID：2）帐户删除成功','1443706931','2130706433'),('66','1','yumiazusa','用户（UID: 3）添加成功！','1443707017','2130706433'),('67','1','yumiazusa','角色（ROLE_ID: 16）添加成功！','1443707627','2130706433'),('68','1','yumiazusa','角色（ROLE_ID: 17）添加成功！','1443707656','2130706433'),('69','1','yumiazusa','角色（ROLE_ID: 18）添加成功！','1443707890','2130706433'),('70','1','yumiazusa','角色（UID: 18）修改成功！','1443708133','2130706433'),('71','1','yumiazusa','角色（UID: 15）修改成功！','1443708306','2130706433'),('72','1','yumiazusa','角色（UID: 15）修改成功！','1443708317','2130706433'),('73','1','yumiazusa','用户（UID：15）角色状态被启用','1443708320','2130706433'),('74','1','yumiazusa','角色（UID: 14）修改成功！','1443708447','2130706433'),('75','1','yumiazusa','角色（UID: 14）修改成功！','1443708456','2130706433'),('76','1','yumiazusa','用户（UID：14）角色状态被启用','1443708459','2130706433'),('77','1','yumiazusa','角色（UID: 13）修改成功！','1443708466','2130706433'),('78','1','yumiazusa','用户（UID：13）角色状态被启用','1443708468','2130706433'),('79','1','yumiazusa','角色（UID: 12）修改成功！','1443708474','2130706433'),('80','1','yumiazusa','角色（UID: 10）修改成功！','1443708479','2130706433'),('81','1','yumiazusa','用户角色（ROLE_ID：15）帐户删除成功','1443709486','2130706433'),('82','1','yumiazusa','用户角色（ROLE_ID：14）帐户删除成功','1443709489','2130706433'),('83','1','yumiazusa','用户角色（ROLE_ID：13）帐户删除成功','1443709493','2130706433'),('141','1','yumiazusa','权限（RULE_ID: 1）修改成功！','1443806245','2130706433'),('140','1','yumiazusa','权限（RULE_ID: 1）修改成功！','1443806201','2130706433'),('139','1','yumiazusa','权限（RULE_ID: 1）修改成功！','1443806194','2130706433'),('138','1','yumiazusa','权限（RULE_ID: 1）修改成功！','1443806185','2130706433'),('137','1','yumiazusa','权限（RULE_ID: 1）修改成功！','1443806165','2130706433'),('136','1','yumiazusa','权限（RULE_ID: 1）修改成功！','1443806157','2130706433'),('135','1','yumiazusa','权限（RULE_ID: 1）修改成功！','1443806105','2130706433'),('134','1','yumiazusa','管理员用户（UID：13）帐户删除成功','1443804698','2130706433'),('133','1','yumiazusa','用户（UID: 13）添加成功！','1443804691','2130706433'),('132','1','yumiazusa',' 权限（RULE_ID: 349）添加成功！','1443804529','2130706433'),('129','1','yumiazusa',' 权限（RULE_ID: 346）添加成功！','1443802609','2130706433'),('130','1','yumiazusa',' 权限（RULE_ID: 347）添加成功！','1443804365','2130706433'),('131','1','yumiazusa',' 权限（RULE_ID: 348）添加成功！','1443804430','2130706433'),('153','1','yumiazusa','角色权限（ROLE_ID: 10）修改成功！','1444011858','2130706433'),('152','1','yumiazusa','角色权限（ROLE_ID: 10）修改成功！','1444011852','2130706433'),('151','1','yumiazusa','角色权限（ROLE_ID: 10）修改成功！','1444011761','2130706433'),('150','1','yumiazusa','角色权限（ROLE_ID: 10）修改成功！','1444011675','2130706433'),('149','1','yumiazusa','权限（RULE_ID: 1）修改成功！','1443806637','2130706433'),('148','1','yumiazusa','权限（RULE_ID：1）角色状态被禁用','1443806634','2130706433'),('147','1','yumiazusa','权限角色（AUTH_ID：346）删除成功','1443806436','2130706433'),('146','1','yumiazusa','权限角色（AUTH_ID：347）删除成功','1443806434','2130706433'),('142','1','yumiazusa','权限（RULE_ID: 1）修改成功！','1443806271','2130706433'),('143','1','yumiazusa','权限（RULE_ID: 1）修改成功！','1443806276','2130706433'),('144','1','yumiazusa','权限角色（AUTH_ID：349）删除成功','1443806428','2130706433'),('145','1','yumiazusa','权限角色（AUTH_ID：348）删除成功','1443806431','2130706433'),('161','1','yumiazusa','角色权限（ROLE_ID: 10）修改成功！','1444190570','2130706433'),('160','1','yumiazusa','角色权限（ROLE_ID: 10）修改成功！','1444190557','2130706433'),('159','1','yumiazusa','角色权限（ROLE_ID: 10）修改成功！','1444190542','2130706433'),('158','1','yumiazusa','角色权限（ROLE_ID: 10）修改成功！','1444189436','2130706433'),('157','1','yumiazusa','角色权限（ROLE_ID: 10）修改成功！','1444189373','2130706433'),('156','1','yumiazusa','角色权限（ROLE_ID: 10）修改成功！','1444189358','2130706433');/* MySQLReback Separation */
 /* 插入数据 `im_admin_logs` */
 INSERT INTO `im_admin_logs` VALUES ('155','1','yumiazusa','角色权限（ROLE_ID: 10）修改成功！','1444188544','2130706433');/* MySQLReback Separation */
 /* 插入数据 `im_admin_logs` */
 INSERT INTO `im_admin_logs` VALUES ('154','1','yumiazusa','角色权限（ROLE_ID: 10）修改成功！','1444188538','2130706433'),('162','1','yumiazusa','角色权限（ROLE_ID: 10）修改成功！','1444190590','2130706433'),('163','1','yumiazusa','角色权限（ROLE_ID: 10）修改成功！','1444190612','2130706433'),('164','1','yumiazusa','角色权限（ROLE_ID: 10）修改成功！','1444194034','2130706433'),('165','1','yumiazusa','角色权限（ROLE_ID: 10）修改成功！','1444194048','2130706433'),('166','1','yumiazusa','角色权限（ROLE_ID: 10）修改成功！','1444195514','2130706433'),('167','1','yumiazusa','角色权限（ROLE_ID: 10）修改成功！','1444195523','2130706433'),('168','1','yumiazusa','角色权限（ROLE_ID: 10）修改成功！','1444195575','2130706433'),('169','1','yumiazusa','角色权限（ROLE_ID: 10）修改成功！','1444195600','2130706433'),('170','1','yumiazusa','角色权限（ROLE_ID: 10）修改成功！','1444195881','2130706433'),('171','1','yumiazusa','角色权限（ROLE_ID: 10）修改成功！','1444195890','2130706433'),('172','1','yumiazusa','角色权限（ROLE_ID: 10）修改成功！','1444195937','2130706433'),('173','1','yumiazusa','角色权限（ROLE_ID: 10）修改成功！','1444195982','2130706433'),('174','1','yumiazusa','角色权限（ROLE_ID: 10）修改成功！','1444196030','2130706433'),('175','1','yumiazusa','角色权限（ROLE_ID: 10）修改成功！','1444196042','2130706433'),('176','1','yumiazusa','角色权限（ROLE_ID: 10）修改成功！','1444196133','2130706433'),('177','1','yumiazusa','角色权限（ROLE_ID: 10）修改成功！','1444196678','2130706433'),('178','1','yumiazusa','角色权限（ROLE_ID: 10）修改成功！','1444196692','2130706433'),('179','1','yumiazusa','角色权限（ROLE_ID: 10）修改成功！','1444196793','2130706433'),('180','1','yumiazusa','角色权限（ROLE_ID: 10）修改成功！','1444196831','2130706433'),('181','1','yumiazusa','角色权限（ROLE_ID: 10）修改成功！','1444196871','2130706433'),('182','1','yumiazusa','角色权限（ROLE_ID: 10）修改成功！','1444196886','2130706433'),('183','1','yumiazusa','角色权限（ROLE_ID: 10）修改成功！','1444196954','2130706433'),('184','1','yumiazusa','角色权限（ROLE_ID: 10）修改成功！','1444197212','2130706433'),('185','1','yumiazusa','角色权限（ROLE_ID: 10）修改成功！','1444197227','2130706433'),('186','1','yumiazusa','角色权限（ROLE_ID: 10）修改成功！','1444197305','2130706433'),('187','1','yumiazusa','角色权限（ROLE_ID: 10）修改成功！','1444197339','2130706433'),('188','1','yumiazusa','角色权限（ROLE_ID: 10）修改成功！','1444197353','2130706433'),('189','1','yumiazusa','角色权限（ROLE_ID: 10）修改成功！','1444197417','2130706433'),('190','1','yumiazusa','角色权限（ROLE_ID: 10）修改成功！','1444197442','2130706433'),('191','1','yumiazusa','角色权限（ROLE_ID: 10）修改成功！','1444197610','2130706433'),('192','1','yumiazusa','角色权限（ROLE_ID: 10）修改成功！','1444197617','2130706433'),('193','1','yumiazusa','角色权限（ROLE_ID: 10）修改成功！','1444197816','2130706433'),('194','1','yumiazusa','角色权限（ROLE_ID: 10）修改成功！','1444197824','2130706433'),('195','1','yumiazusa','角色权限（ROLE_ID: 10）修改成功！','1444197875','2130706433'),('196','1','yumiazusa','角色权限（ROLE_ID: 10）修改成功！','1444197881','2130706433'),('197','1','yumiazusa','角色权限（ROLE_ID: 10）修改成功！','1444197890','2130706433'),('198','1','yumiazusa','角色权限（ROLE_ID: 10）修改成功！','1444197962','2130706433'),('199','1','yumiazusa','角色权限（ROLE_ID: 10）修改成功！','1444197967','2130706433'),('200','1','yumiazusa','角色权限（ROLE_ID: 10）修改成功！','1444197976','2130706433'),('201','1','yumiazusa','新模块（MODULE_ID: 4）添加成功！','1444198096','2130706433'),('202','1','yumiazusa','模块（UID: 4）修改成功！','1444198174','2130706433'),('203','1','yumiazusa','角色权限（ROLE_ID: 10）修改成功！','1444198274','2130706433'),('204','1','yumiazusa','角色权限（ROLE_ID: 1）修改成功！','1444398061','2130706433'),('205','1','yumiazusa','角色权限（ROLE_ID: 1）修改成功！','1444398176','2130706433'),('206','1','yumiazusa','用户（UID: 10）修改成功！','1444399476','2130706433'),('207','1','yumiazusa','用户（UID: 1）修改成功！','1444400667','2130706433'),('208','1','yumiazusa','用户（UID: 1）修改成功！','1444400674','2130706433'),('209','1','yumiazusa','角色权限（ROLE_ID: 2）修改成功！','1444400745','2130706433'),('210','1','yumiazusa','角色权限（ROLE_ID: 2）修改成功！','1444401299','2130706433'),('211','1','yumiazusa','角色权限（ROLE_ID: 1）修改成功！','1444402075','2130706433'),('212','1','yumiazusa','角色权限（ROLE_ID: 1）修改成功！','1444402462','2130706433'),('213','1','yumiazusa','角色权限（ROLE_ID: 2）修改成功！','1444402563','2130706433');/* MySQLReback Separation */
 /* 插入数据 `im_admin_logs` */
 INSERT INTO `im_admin_logs` VALUES ('214','1','yumiazusa','角色权限（ROLE_ID: 2）修改成功！','1444404935','2130706433');/* MySQLReback Separation */
 /* 插入数据 `im_admin_logs` */
 INSERT INTO `im_admin_logs` VALUES ('215','1','yumiazusa','角色权限（ROLE_ID: 1）修改成功！','1444404945','2130706433'),('216','1','yumiazusa','商品（ID:38）修改成功','1444497350','2130706433'),('217','1','yumiazusa','商品（ID:38）修改成功','1444497371','2130706433'),('218','1','yumiazusa','商品（ID:38）修改成功','1444497414','2130706433'),('219','1','yumiazusa','商品（ID:39）添加成功','1444497545','2130706433'),('220','1','yumiazusa','商品（ID:40）添加成功','1444497552','2130706433'),('221','1','yumiazusa','商品（ID:41）添加成功','1444497557','2130706433'),('222','1','yumiazusa','商品（ID:42）添加成功','1444497563','2130706433'),('223','1','yumiazusa','商品（ID:43）添加成功','1444497590','2130706433'),('224','1','yumiazusa','商品（ID:44）添加成功','1444497723','2130706433'),('225','1','yumiazusa','商品（ID:45）添加成功','1444547919','2130706433'),('226','1','yumiazusa','商品（ID:38）已成功加入回收站','1444572736','2130706433'),('227','1','yumiazusa','商品（ID:38）已从回收站移出','1444572755','2130706433'),('228','1','yumiazusa','商品类型（TYPE_ID:2）添加成功','1444662298','2130706433'),('229','1','yumiazusa','商品类型（TYPE_ID: 2）修改成功！','1444663494','2130706433'),('230','1','yumiazusa','商品类型（TYPE_ID:3）添加成功','1444663825','2130706433'),('231','1','yumiazusa','商品类型属性（ATTR_ID:2）添加成功','1444671208','2130706433'),('232','1','yumiazusa','商品类型属性（ATTR_ID:3）添加成功','1444671575','2130706433'),('233','1','yumiazusa','商品类型属性（ATTR_ID:4）添加成功','1444671617','2130706433'),('234','1','yumiazusa','商品类型属性（ATTR_ID:1）修改成功','1444746786','2130706433'),('235','1','yumiazusa','商品类型属性（ATTR_ID:1）修改成功','1444746818','2130706433'),('236','1','yumiazusa','商品类型属性（ATTR_ID:5）添加成功','1444747098','2130706433'),('237','1','yumiazusa','商品类型属性（ATTR_ID:6）添加成功','1444747357','2130706433'),('238','1','yumiazusa','商品类型属性（ATTR_ID:1）修改成功','1444747418','2130706433'),('239','1','yumiazusa','商品类型属性（ATTR_ID:1）修改成功','1444747471','2130706433'),('240','1','yumiazusa','商品类型属性（ATTR_ID:1）修改成功','1444747609','2130706433'),('241','1','yumiazusa','商品类型属性（ATTR_ID:1）修改成功','1444747651','2130706433'),('242','1','yumiazusa','商品类型属性（ATTR_ID:7）添加成功','1444747665','2130706433'),('243','1','yumiazusa','商品类型属性（ATTR_ID:7）删除成功','1444750622','2130706433'),('244','1','yumiazusa','商品类型属性（ATTR_ID:6）删除成功','1444750630','2130706433'),('245','1','yumiazusa','商品类型属性（ATTR_ID:5）删除成功','1444750642','2130706433'),('246','1','yumiazusa','商品类型属性（ATTR_ID:3）删除成功','1444750712','2130706433'),('247','1','yumiazusa','商品类型属性（ATTR_ID:1）删除成功','1444750865','2130706433'),('248','1','yumiazusa','用户角色（ROLE_ID：5）删除成功','1444750885','2130706433'),('249','1','yumiazusa','用户角色（ROLE_ID：4）删除成功','1444750934','2130706433'),('250','1','yumiazusa',' 权限（RULE_ID: 350）添加成功！','1444750977','2130706433'),('251','1','yumiazusa','权限角色（AUTH_ID：350）删除成功','1444750983','2130706433'),('252','1','yumiazusa','商品类型（TYPE_ID:2）删除成功','1444751597','2130706433'),('253','1','yumiazusa','商品类型（TYPE_ID:1）删除成功','1444751615','2130706433'),('254','1','yumiazusa','商品类型（TYPE_ID:4）添加成功','1444751781','2130706433'),('255','1','yumiazusa','商品类型（TYPE_ID:4）删除成功','1444751784','2130706433'),('256','1','yumiazusa','商品类型（TYPE_ID:5）添加成功','1444751791','2130706433'),('257','1','yumiazusa','商品类型属性（ATTR_ID:8）添加成功','1444751798','2130706433'),('258','1','yumiazusa','商品类型属性（ATTR_ID:8）删除成功','1444751810','2130706433'),('259','1','yumiazusa','商品类型（TYPE_ID:5）删除成功','1444751824','2130706433'),('260','1','yumiazusa','商品类型（TYPE_ID:6）添加成功','1444751829','2130706433'),('261','1','yumiazusa','商品类型属性（ATTR_ID:9）添加成功','1444751856','2130706433'),('262','1','yumiazusa','商品类型（TYPE_ID:6）删除成功','1444751866','2130706433'),('263','1','yumiazusa','商品类型（TYPE_ID:7）添加成功','1444751911','2130706433'),('264','1','yumiazusa','商品类型属性（ATTR_ID:10）添加成功','1444751953','2130706433'),('265','1','yumiazusa','商品类型（TYPE_ID:7）删除成功','1444751963','2130706433'),('266','1','yumiazusa','商品类型（TYPE_ID:8）添加成功','1445654612','2130706433'),('267','1','yumiazusa','商品类型属性（ATTR_ID:11）添加成功','1445654642','2130706433'),('268','1','yumiazusa','商品类型属性（ATTR_ID:12）添加成功','1445654665','2130706433'),('269','1','yumiazusa','商品类型（TYPE_ID:9）添加成功','1445654685','2130706433');/* MySQLReback Separation */
 /* 插入数据 `im_admin_logs` */
 INSERT INTO `im_admin_logs` VALUES ('270','1','yumiazusa','商品类型属性（ATTR_ID:13）添加成功','1445654732','2130706433');/* MySQLReback Separation */
 /* 插入数据 `im_admin_logs` */
 INSERT INTO `im_admin_logs` VALUES ('271','1','yumiazusa','商品类型属性（ATTR_ID:14）添加成功','1445654795','2130706433'),('272','1','yumiazusa','商品分类（CAT_ID:17）添加成功','1445661290','2130706433'),('273','1','yumiazusa','商品分类（CAT_ID:18）添加成功','1445661300','2130706433'),('274','1','yumiazusa','商品分类（CAT_ID:19）添加成功','1445662610','2130706433'),('275','1','yumiazusa','商品分类（CAT_ID:20）添加成功','1445662629','2130706433'),('276','1','yumiazusa','商品分类（CAT_ID:21）添加成功','1445663163','2130706433'),('277','1','yumiazusa','商品分类（CAT_ID:22）添加成功','1445663180','2130706433'),('278','1','yumiazusa','商品分类（CAT_ID:23）添加成功','1445663198','2130706433'),('279','1','yumiazusa','商品分类（ATTR_ID:20）修改成功','1445663861','2130706433'),('280','1','yumiazusa','商品分类（ATTR_ID:20）修改成功','1445663874','2130706433'),('281','1','yumiazusa','商品分类（ATTR_ID:20）删除成功','1445664709','2130706433'),('282','1','yumiazusa','商品分类（ATTR_ID:22）删除成功','1445664796','2130706433'),('283','1','yumiazusa','商品分类（ATTR_ID:17）删除成功','1445664803','2130706433'),('284','1','yumiazusa','商品分类（ATTR_ID:23）删除成功','1445664830','2130706433'),('285','1','yumiazusa','商品分类（ATTR_ID:14）删除成功','1445664841','2130706433'),('286','1','yumiazusa','商品分类（ATTR_ID:19）删除成功','1445664859','2130706433'),('287','1','yumiazusa','商品分类（ATTR_ID:21）删除成功','1445664862','2130706433'),('288','1','yumiazusa','商品分类（CAT_ID:24）添加成功','1445696407','2130706433'),('289','1','yumiazusa','商品分类（ATTR_ID:24）删除成功','1445696411','2130706433'),('290','1','yumiazusa','商品分类（ATTR_ID:4）修改成功','1445696890','2130706433'),('291','1','yumiazusa','商品分类（ATTR_ID:4）修改成功','1445696898','2130706433'),('292','1','yumiazusa','商品分类（CAT_ID:25）添加成功','1445696952','2130706433'),('293','1','yumiazusa','商品分类（ATTR_ID:25）修改成功','1445697174','2130706433'),('294','1','yumiazusa','商品分类（ATTR_ID:25）修改成功','1445697248','2130706433'),('295','1','yumiazusa','商品分类（ATTR_ID:25）修改成功','1445697255','2130706433'),('296','1','yumiazusa','商品分类（ATTR_ID:25）修改成功','1445697266','2130706433'),('297','1','yumiazusa','商品分类（ATTR_ID:25）修改成功','1445697801','2130706433'),('298','1','yumiazusa','商品分类（ATTR_ID:25）修改成功','1445697815','2130706433'),('299','1','yumiazusa','商品分类（CAT_ID:26）添加成功','1445697903','2130706433'),('300','1','yumiazusa','商品分类（ATTR_ID:26）删除成功','1445697908','2130706433'),('301','1','yumiazusa','商品分类（ATTR_ID:25）删除成功','1445697912','2130706433'),('302','1','yumiazusa','商品分类（ATTR_ID:4）删除成功','1445698209','2130706433'),('303','1','yumiazusa','商品（ID:39）修改成功','1445703283','2130706433'),('304','1','yumiazusa','商品（ID:40）修改成功','1445703300','2130706433'),('305','1','yumiazusa','商品（ID:42）修改成功','1445703329','2130706433'),('306','1','yumiazusa','商品分类（CAT_ID:27）添加成功','1445743141','2130706433'),('307','1','yumiazusa','商品（ID:45）修改成功','1445743344','2130706433'),('308','1','yumiazusa','商品（ID:46）添加成功','1445743471','2130706433'),('309','1','yumiazusa','商品（ID:46）已成功加入回收站','1445743555','2130706433'),('310','1','yumiazusa','商品（ID:46）已从回收站移出','1445743565','2130706433'),('311','1','yumiazusa','商品（ID:46）修改成功','1445745822','2130706433'),('312','1','yumiazusa','商品（ID:47）添加成功','1445754376','2130706433'),('313','1','yumiazusa','商品（ID:48）添加成功','1445754505','2130706433'),('314','1','yumiazusa','商品（ID:48）修改成功','1445754523','2130706433'),('315','1','yumiazusa','商品（ID:49）添加成功','1445758653','2130706433'),('316','1','yumiazusa','商品（ID:50）添加成功','1445763127','2130706433'),('317','1','yumiazusa','商品（ID:51）添加成功','1445763303','2130706433'),('318','1','yumiazusa','商品（ID:52）添加成功','1445763500','2130706433'),('319','1','yumiazusa','商品（ID:53）添加成功','1445763697','2130706433'),('320','1','yumiazusa','商品（ID:39）添加成功','1446046951','2130706433'),('321','1','yumiazusa','商品（ID:40）添加成功','1446047110','2130706433'),('322','1','yumiazusa','商品（ID:41）添加成功','1446386529','2130706433'),('323','1','yumiazusa','商品（ID:42）添加成功','1446387199','2130706433'),('324','1','yumiazusa','商品（ID:43）添加成功','1446388077','2130706433'),('325','1','yumiazusa','商品（ID:44）添加成功','1446388507','2130706433'),('326','1','yumiazusa','商品（ID:45）添加成功','1446388596','2130706433'),('327','1','yumiazusa','商品（ID:47）添加成功','1446389083','2130706433'),('328','1','yumiazusa','商品（ID:48）添加成功','1446389125','2130706433');/* MySQLReback Separation */
 /* 插入数据 `im_admin_logs` */
 INSERT INTO `im_admin_logs` VALUES ('329','1','yumiazusa','商品（ID:49）添加成功','1446389185','2130706433');/* MySQLReback Separation */
 /* 插入数据 `im_admin_logs` */
 INSERT INTO `im_admin_logs` VALUES ('330','1','yumiazusa','商品（ID:1）添加成功','1446389542','2130706433'),('331','1','yumiazusa','商品（ID:50）添加成功','1446390309','2130706433'),('332','1','yumiazusa','商品（ID:1）添加成功','1446390502','2130706433'),('333','1','yumiazusa','商品（ID:1）添加成功','1446390879','2130706433'),('334','1','yumiazusa','商品（ID:1）添加成功','1446391677','2130706433'),('335','1','yumiazusa','商品（ID:1）添加成功','1446391903','2130706433'),('336','1','yumiazusa','商品（ID:2）添加成功','1446391932','2130706433'),('337','1','yumiazusa','商品（ID:3）添加成功','1446391981','2130706433'),('338','1','yumiazusa','商品（ID:4）添加成功','1446392049','2130706433'),('339','1','yumiazusa','商品（ID:5）添加成功','1446392123','2130706433'),('340','1','yumiazusa','商品（ID:6）添加成功','1446392155','2130706433'),('341','1','yumiazusa','商品（ID:7）添加成功','1446392619','2130706433'),('342','1','yumiazusa','商品（ID:8）添加成功','1446392715','2130706433'),('343','1','yumiazusa','商品（ID:9）添加成功','1446392761','2130706433'),('344','1','yumiazusa','商品（ID:10）添加成功','1446392802','2130706433'),('345','1','yumiazusa','商品（ID:11）添加成功','1446392883','2130706433'),('346','1','yumiazusa','商品（ID:12）添加成功','1446392922','2130706433'),('347','1','yumiazusa','商品（ID:13）添加成功','1446393004','2130706433'),('348','1','yumiazusa','商品（ID:14）添加成功','1446393138','2130706433'),('349','1','yumiazusa','商品（ID:15）添加成功','1446393492','2130706433'),('350','1','yumiazusa','商品（ID:16）添加成功','1446393552','2130706433'),('351','1','yumiazusa','商品（ID:17）添加成功','1446393572','2130706433'),('352','1','yumiazusa','商品（ID:18）添加成功','1446393603','2130706433'),('353','1','yumiazusa','商品（ID:21）添加成功','1446429232','2130706433'),('354','1','yumiazusa','商品（ID:22）添加成功','1446429373','2130706433'),('355','1','yumiazusa','商品（ID:1）添加成功','1446430612','2130706433'),('356','1','yumiazusa','商品（ID:3）添加成功','1446431123','2130706433'),('357','1','yumiazusa','商品（ID:4）添加成功','1446431154','2130706433'),('358','1','yumiazusa','商品（ID:5）添加成功','1446431335','2130706433'),('359','1','yumiazusa','商品（ID:6）添加成功','1446431454','2130706433'),('360','1','yumiazusa','商品（ID:7）添加成功','1446431531','2130706433'),('361','1','yumiazusa','商品（ID:1）添加成功','1446431632','2130706433'),('362','1','yumiazusa','商品（ID:2）添加成功','1446431697','2130706433'),('363','1','yumiazusa','商品（ID:3）添加成功','1446431730','2130706433'),('364','1','yumiazusa','商品（ID:1）添加成功','1446432098','2130706433'),('365','1','yumiazusa','商品（ID:51）添加成功','1446432411','2130706433'),('366','1','yumiazusa','商品（ID:52）添加成功','1446433005','2130706433'),('367','1','yumiazusa','商品（ID:53）添加成功','1446433378','2130706433'),('368','1','yumiazusa','商品（ID:59）添加成功','1446435149','2130706433'),('369','1','yumiazusa','商品（ID:60）添加成功','1446435309','2130706433'),('370','1','yumiazusa','商品（ID:61）添加成功','1446435929','2130706433'),('371','1','yumiazusa','商品（ID:62）添加成功','1446435983','2130706433'),('372','1','yumiazusa','商品（ID:63）添加成功','1446436634','2130706433'),('373','1','yumiazusa','商品（ID:64）添加成功','1446445188','2130706433'),('374','1','yumiazusa','商品（ID:65）添加成功','1446445260','2130706433'),('375','1','yumiazusa','商品（ID:66）添加成功','1446446009','2130706433'),('376','1','yumiazusa','商品（ID:66）修改成功','1446518366','2130706433'),('377','1','yumiazusa','商品（ID:66）修改成功','1446518404','2130706433'),('378','1','yumiazusa','商品（ID:66）修改成功','1446518517','2130706433'),('379','1','yumiazusa','商品（ID:66）修改成功','1446518584','2130706433'),('380','1','yumiazusa','商品（ID:66）修改成功','1446518596','2130706433'),('381','1','yumiazusa','商品（ID:66）修改成功','1446518617','2130706433'),('382','1','yumiazusa','商品（ID:66）修改成功','1446518628','2130706433'),('383','1','yumiazusa','商品（ID:66）修改成功','1446518643','2130706433'),('384','1','yumiazusa','商品（ID:66）修改成功','1446518785','2130706433'),('385','1','yumiazusa','商品（ID:66）修改成功','1446518793','2130706433'),('386','1','yumiazusa','商品（ID:66）修改成功','1446518799','2130706433'),('387','1','yumiazusa','商品（ID:66）修改成功','1446518807','2130706433'),('388','1','yumiazusa','商品（ID:66）修改成功','1446518825','2130706433'),('389','1','yumiazusa','商品（ID:66）修改成功','1446518836','2130706433'),('390','1','yumiazusa','商品（ID:66）修改成功','1446518871','2130706433'),('391','1','yumiazusa','商品（ID:66）修改成功','1446518903','2130706433'),('392','1','yumiazusa','商品（ID:66）修改成功','1446519314','2130706433');/* MySQLReback Separation */
 /* 插入数据 `im_admin_logs` */
 INSERT INTO `im_admin_logs` VALUES ('393','1','yumiazusa','商品（ID:66）修改成功','1446519332','2130706433');/* MySQLReback Separation */
 /* 插入数据 `im_admin_logs` */
 INSERT INTO `im_admin_logs` VALUES ('394','1','yumiazusa','商品（ID:66）修改成功','1446519475','2130706433'),('395','1','yumiazusa','商品（ID:66）修改成功','1446519486','2130706433'),('396','1','yumiazusa','商品（ID:66）修改成功','1446519561','2130706433'),('397','1','yumiazusa','商品（ID:66）修改成功','1446519650','2130706433'),('398','1','yumiazusa','商品（ID:66）修改成功','1446519687','2130706433'),('399','1','yumiazusa','商品（ID:66）修改成功','1446519737','2130706433'),('400','1','yumiazusa','商品（ID:66）修改成功','1446519753','2130706433'),('401','1','yumiazusa','商品（ID:66）修改成功','1446519770','2130706433'),('402','1','yumiazusa','商品（ID:66）修改成功','1446519781','2130706433'),('403','1','yumiazusa','商品（ID:66）修改成功','1446519815','2130706433'),('404','1','yumiazusa','商品（ID:38）修改成功','1446519844','2130706433'),('405','1','yumiazusa','商品（ID:66）修改成功','1446522555','2130706433'),('406','1','yumiazusa','商品（ID:66）修改成功','1446522591','2130706433'),('407','1','yumiazusa','商品（ID:66）修改成功','1446539777','2130706433'),('408','1','yumiazusa','商品（ID:66）修改成功','1446539809','2130706433'),('409','1','yumiazusa','商品（ID:66）修改成功','1446539841','2130706433'),('410','1','yumiazusa','商品（ID:66）已成功加入回收站','1446541937','2130706433'),('411','1','yumiazusa','商品（ID:66）已从回收站移出','1446541949','2130706433'),('412','1','yumiazusa','商品（ID:67）添加成功','1446542038','2130706433'),('413','1','yumiazusa','商品（ID:68）添加成功','1446542064','2130706433'),('414','1','yumiazusa','商品（ID:66）参数添加成功','1446561766','2130706433'),('415','1','yumiazusa','商品（ID:66）参数编辑成功','1446566342','2130706433'),('416','1','yumiazusa','商品（ID:66）参数添加成功','1446566403','2130706433'),('417','1','yumiazusa','商品（ID:76）参数删除成功','1446566409','2130706433'),('418','1','yumiazusa','商品（ID:66）修改成功','1446645289','2130706433'),('419','1','yumiazusa','商品（ID:66）修改成功','1446648245','2130706433'),('420','1','yumiazusa','商品（PRO_ID:66）库存更新成功','1446738954','2130706433'),('421','1','yumiazusa','商品（PRO_ID:38）库存更新成功','1446739045','2130706433'),('422','1','yumiazusa','商品（PRO_ID:66）库存更新成功','1446742705','2130706433'),('423','1','yumiazusa','商品（PRO_ID:66）库存更新成功','1446742718','2130706433'),('424','1','yumiazusa','商品（PRO_ID:66）库存更新成功','1446743226','2130706433'),('425','1','yumiazusa','商品（PRO_ID:66）库存更新成功','1446743248','2130706433'),('426','1','yumiazusa','商品（ID:66）修改成功','1446978588','2130706433'),('427','1','yumiazusa','商品（ID:66）修改成功','1446978598','2130706433'),('428','1','yumiazusa','商品（PRO_ID:38）促销更新成功','1447080382','2130706433'),('429','1','yumiazusa','商品（PRO_ID:66）促销更新成功','1447080524','2130706433'),('430','1','yumiazusa','商品（PRO_ID:66）促销更新成功','1447080539','2130706433'),('431','1','yumiazusa','商品（PRO_ID:66）促销更新成功','1447080884','2130706433'),('432','1','yumiazusa','商品（PRO_ID:66）促销更新成功','1447081962','2130706433'),('433','1','yumiazusa','商品（PRO_ID:66）促销更新成功','1447082116','2130706433'),('434','1','yumiazusa','商品（PRO_ID:66）促销更新成功','1447082432','2130706433'),('435','1','yumiazusa','商品（PRO_ID:66）促销更新成功','1447082470','2130706433'),('436','1','yumiazusa','商品（PRO_ID:66）促销更新成功','1447082558','2130706433'),('437','1','yumiazusa','商品（PRO_ID:66）促销更新成功','1447082602','2130706433'),('438','1','yumiazusa','商品（PRO_ID:66）促销更新成功','1447082615','2130706433'),('439','1','yumiazusa','商品（PRO_ID:66）促销更新成功','1447083162','2130706433'),('440','1','yumiazusa','商品（PRO_ID:66）促销更新成功','1447083200','2130706433'),('441','1','yumiazusa','商品（PRO_ID:66）促销更新成功','1447083260','2130706433'),('442','1','yumiazusa','商品（PRO_ID:66）促销更新成功','1447083371','2130706433'),('443','1','yumiazusa','商品（PRO_ID:66）促销更新成功','1447083487','2130706433'),('444','1','yumiazusa','商品（PRO_ID:66）促销更新成功','1447086965','2130706433'),('445','1','yumiazusa','商品（PRO_ID:66）促销更新成功','1447337482','2130706433'),('446','1','yumiazusa','商品（PRO_ID:）促销更新成功','1447338590','2130706433'),('447','1','yumiazusa','商品（PRO_ID:）促销更新成功','1447339004','2130706433'),('448','1','yumiazusa','商品（PRO_ID:66）促销更新成功','1447339071','2130706433'),('449','1','yumiazusa','商品（PRO_ID:66）促销更新成功','1447339106','2130706433'),('450','1','yumiazusa','商品（PRO_ID:66）促销更新成功','1447339228','2130706433'),('451','1','yumiazusa','商品（PRO_ID:66）促销更新成功','1447343822','2130706433');/* MySQLReback Separation */
 /* 插入数据 `im_admin_logs` */
 INSERT INTO `im_admin_logs` VALUES ('452','1','yumiazusa','商品（PRO_ID:66）促销更新成功','1447344973','2130706433');/* MySQLReback Separation */
 /* 插入数据 `im_admin_logs` */
 INSERT INTO `im_admin_logs` VALUES ('453','1','yumiazusa','商品（PRO_ID:66）促销更新成功','1447344982','2130706433'),('454','1','yumiazusa','商品（PRO_ID:66）促销更新成功','1447345191','2130706433'),('455','1','yumiazusa','商品（PRO_ID:66）促销更新成功','1447345522','2130706433'),('456','1','yumiazusa','商品（PRO_ID:66）促销更新成功','1447345604','2130706433'),('457','1','yumiazusa','商品（PRO_ID:66）促销更新成功','1447345807','2130706433'),('458','1','yumiazusa','商品（ID:66）修改成功','1447345879','2130706433'),('459','1','yumiazusa','商品（ID:66）修改成功','1447346341','2130706433'),('460','1','yumiazusa','商品（ID:66）修改成功','1447346965','2130706433'),('461','1','yumiazusa','商品（ID:66）修改成功','1448084555','2130706433'),('462','1','yumiazusa','商品（ID:67）添加成功','1448091334','2130706433'),('463','1','yumiazusa','商品（ID:68）添加成功','1448091699','2130706433'),('464','1','yumiazusa','商品（ID:69）添加成功','1448092292','2130706433'),('465','1','yumiazusa','商品（ID:70）添加成功','1448092618','2130706433'),('466','1','yumiazusa','商品（ID:71）添加成功','1448092658','2130706433'),('467','1','yumiazusa','商品（ID:38）已成功加入回收站','1448092668','2130706433'),('468','1','yumiazusa','商品（ID:38）已从回收站移出','1448092684','2130706433'),('469','1','yumiazusa','商品分类（ATTR_ID:2）修改成功','1448161746','2130706433'),('470','1','yumiazusa','商品分类（CAT_ID:28）添加成功','1448162899','2130706433'),('471','1','yumiazusa','商品分类（CAT_ID:29）添加成功','1448163502','2130706433'),('472','1','yumiazusa','商品分类（CAT_ID:30）添加成功','1448163861','2130706433'),('473','1','yumiazusa','商品分类（ATTR_ID:30）删除成功','1448164126','2130706433'),('474','1','yumiazusa','商品分类（CAT_ID:31）添加成功','1448164143','2130706433'),('475','1','yumiazusa','商品分类（CAT_ID:32）添加成功','1448164467','2130706433'),('476','1','yumiazusa','商品分类（ATTR_ID:32）修改成功','1448164528','2130706433'),('477','1','yumiazusa','商品分类（ATTR_ID:32）修改成功','1448164543','2130706433'),('478','1','yumiazusa','商品分类（ATTR_ID:1）修改成功','1448164587','2130706433'),('479','1','yumiazusa','商品分类（ATTR_ID:2）修改成功','1448164633','2130706433'),('480','1','yumiazusa','商品分类（ATTR_ID:3）修改成功','1448164649','2130706433'),('481','1','yumiazusa','SEO（SEO_IDENT:123）添加成功','1448169599','2130706433'),('482','1','yumiazusa','SEO（SEO_IDENT:123123）添加成功','1448170029','2130706433'),('483','1','yumiazusa','SEO（SEO_ID:4）删除成功','1448170848','2130706433'),('484','1','yumiazusa','SEO（SEO_IDENT:111）添加成功','1448178599','2130706433'),('485','1','yumiazusa','SEO（SEO_ID:5）修改成功','1448178771','2130706433'),('486','1','yumiazusa','SEO（SEO_ID:5）修改成功','1448178835','2130706433'),('487','1','yumiazusa','SEO（SEO_ID:5）修改成功','1448178848','2130706433'),('488','1','yumiazusa','SEO（SEO_ID:5）修改成功','1448178857','2130706433'),('489','1','yumiazusa','SEO（SEO_ID:5）修改成功','1448178954','2130706433'),('490','1','yumiazusa','SEO（SEO_ID:5）修改成功','1448178960','2130706433'),('491','1','yumiazusa','SEO（SEO_ID:5）修改成功','1448178966','2130706433'),('492','1','yumiazusa','SEO（SEO_ID:5）删除成功','1448179051','2130706433'),('493','1','yumiazusa','SEO（SEO_IDENT:23）添加成功','1448179161','2130706433'),('494','1','yumiazusa','SEO（SEO_ID:6）删除成功','1448179165','2130706433'),('495','1','yumiazusa','商品（ID:66）修改成功','1448208466','2130706433'),('496','1','yumiazusa','商品（ID:66）修改成功','1448208487','2130706433'),('497','1','yumiazusa','商品（ID:66）修改成功','1448247962','2130706433'),('498','1','yumiazusa','商品（ID:38）修改成功','1448249140','2130706433'),('499','1','yumiazusa','商品（PRO_ID:38）促销更新成功','1448249248','2130706433'),('500','1','yumiazusa','商品（ID:38）修改成功','1448249277','2130706433'),('501','1','yumiazusa','商品（PRO_ID:38）促销更新成功','1448249295','2130706433'),('502','1','yumiazusa','商品（ID:66）修改成功','1448249314','2130706433'),('503','1','yumiazusa','商品（PRO_ID:38）促销更新成功','1448249359','2130706433'),('504','1','yumiazusa','商品（ID:38）修改成功','1448249368','2130706433'),('505','1','yumiazusa','商品（ID:66）修改成功','1448249382','2130706433'),('506','1','yumiazusa','商品（ID:66）修改成功','1448249402','2130706433'),('507','1','yumiazusa','商品（ID:38）修改成功','1448249412','2130706433'),('508','1','yumiazusa','商品（ID:66）修改成功','1448249445','2130706433'),('509','1','yumiazusa','商品（ID:38）修改成功','1448249459','2130706433'),('510','1','yumiazusa','商品（ID:38）修改成功','1448250214','2130706433'),('511','1','yumiazusa','商品（ID:38）修改成功','1448335930','2130706433'),('512','1','yumiazusa','商品（ID:66）修改成功','1448336091','2130706433');/* MySQLReback Separation */
 /* 插入数据 `im_admin_logs` */
 INSERT INTO `im_admin_logs` VALUES ('513','1','yumiazusa','商品（ID:66）修改成功','1448336650','2130706433');/* MySQLReback Separation */
 /* 插入数据 `im_admin_logs` */
 INSERT INTO `im_admin_logs` VALUES ('514','1','yumiazusa','商品（ID:67）添加成功','1448337378','2130706433'),('515','1','yumiazusa','商品（ID:67）已成功加入回收站','1448337406','2130706433'),('516','1','yumiazusa','商品（ID:66）修改成功','1448337455','2130706433'),('517','1','yumiazusa','商品（ID:68）添加成功','1448337993','2130706433'),('518','1','yumiazusa','商品（ID:68）修改成功','1448338010','2130706433'),('519','1','yumiazusa','商品（ID:68）已成功加入回收站','1448338036','2130706433'),('520','1','yumiazusa','商品（ID:68）删除成功','1448338043','2130706433'),('521','1','yumiazusa','商品（ID:38）修改成功','1448338078','2130706433'),('522','1','yumiazusa','商品（ID:67）添加成功','1448419702','2130706433'),('523','1','yumiazusa','商品（ID:67）修改成功','1448419752','2130706433'),('524','1','yumiazusa','商品（ID:67）修改成功','1448419817','2130706433'),('525','1','yumiazusa','商品（ID:67）修改成功','1448420539','2130706433'),('526','1','yumiazusa','商品（PRO_ID:67）库存更新成功','1448420598','2130706433'),('527','1','yumiazusa','商品（ID:67）参数添加成功','1448420982','2130706433'),('528','1','yumiazusa','商品（ID:67）已成功加入回收站','1448422802','2130706433'),('529','1','yumiazusa','商品（ID:68）添加成功','1448423404','2130706433'),('530','1','yumiazusa','商品（ID:68）已成功加入回收站','1448423411','2130706433'),('531','1','yumiazusa','商品（ID:69）添加成功','1448427153','2130706433'),('532','1','yumiazusa','商品（PRO_ID:69）库存更新成功','1448427171','2130706433'),('533','1','yumiazusa','商品（ID:69）参数添加成功','1448427202','2130706433'),('534','1','yumiazusa','商品（PRO_ID:69）促销更新成功','1448427218','2130706433'),('535','1','yumiazusa','商品（ID:69）已成功加入回收站','1448427471','2130706433'),('536','1','yumiazusa','商品（ID:69）删除成功','1448427510','2130706433'),('537','1','yumiazusa','商品（ID:70）添加成功','1448428345','2130706433'),('538','1','yumiazusa','商品（ID:71）添加成功','1448428364','2130706433'),('539','1','yumiazusa','商品（ID:71）已成功加入回收站','1448428494','2130706433'),('540','1','yumiazusa','商品（ID:71）已成功加入回收站','1448428538','2130706433'),('541','1','yumiazusa','商品（ID:72）添加成功','1448428743','2130706433'),('542','1','yumiazusa','商品（ID:73）添加成功','1448428762','2130706433'),('543','1','yumiazusa','商品（ID:73）参数添加成功','1448428778','2130706433'),('544','1','yumiazusa','商品（ID:73）修改成功','1448428816','2130706433'),('545','1','yumiazusa','商品（PRO_ID:73）库存更新成功','1448428833','2130706433'),('546','1','yumiazusa','商品（ID:72）修改成功','1448428879','2130706433'),('547','1','yumiazusa','商品（ID:72）参数添加成功','1448428903','2130706433'),('548','1','yumiazusa','商品（PRO_ID:72）库存更新成功','1448428917','2130706433'),('549','1','yumiazusa','商品（PRO_ID:73）促销更新成功','1448428981','2130706433'),('550','1','yumiazusa','商品（PRO_ID:72）促销更新成功','1448428990','2130706433'),('551','1','yumiazusa','商品（ID:38）修改成功','1448439741','2130706433'),('552','1','yumiazusa','商品（ID:66）修改成功','1448439758','2130706433'),('553','1','yumiazusa','商品（ID:66）修改成功','1448440003','2130706433'),('554','1','yumiazusa','商品（PRO_ID:38）促销更新成功','1448440038','2130706433'),('555','1','yumiazusa','商品（ID:66）修改成功','1448467520','2130706433'),('556','1','yumiazusa','商品（PRO_ID:38）库存更新成功','1448552751','2130706433'),('557','1','yumiazusa','商品（PRO_ID:38）库存更新成功','1448552830','2130706433'),('558','1','yumiazusa','商品（PRO_ID:66）库存更新成功','1448553352','2130706433'),('559','1','yumiazusa','商品（PRO_ID:66）库存更新成功','1448762306','2130706433'),('560','1','yumiazusa','商品（PRO_ID:66）库存更新成功','1448762409','2130706433'),('561','1','yumiazusa','商品（PRO_ID:66）库存更新成功','1448762430','2130706433'),('562','1','yumiazusa','商品（PRO_ID:66）库存更新成功','1448762445','2130706433'),('563','1','yumiazusa','商品（PRO_ID:66）库存更新成功','1448762467','2130706433'),('564','1','yumiazusa','商品（ID:67）添加成功','1449044612','2130706433'),('565','1','yumiazusa','商品（ID:68）添加成功','1449044824','2130706433'),('566','1','yumiazusa','商品（ID:68）修改成功','1449045021','2130706433'),('567','1','yumiazusa','商品（ID:68）修改成功','1449045097','2130706433'),('568','1','yumiazusa','商品（ID:68）修改成功','1449045108','2130706433'),('569','1','yumiazusa','商品（ID:68）修改成功','1449045285','2130706433'),('570','1','yumiazusa','商品（ID:68）修改成功','1449045336','2130706433'),('571','1','yumiazusa','商品（ID:68）修改成功','1449045344','2130706433'),('572','1','yumiazusa','商品（ID:68）修改成功','1449045357','2130706433');/* MySQLReback Separation */
 /* 插入数据 `im_admin_logs` */
 INSERT INTO `im_admin_logs` VALUES ('573','1','yumiazusa','商品（ID:68）修改成功','1449045370','2130706433');/* MySQLReback Separation */
 /* 插入数据 `im_admin_logs` */
 INSERT INTO `im_admin_logs` VALUES ('574','1','yumiazusa','商品（ID:68）修改成功','1449045397','2130706433'),('575','1','yumiazusa','商品（ID:68）修改成功','1449045438','2130706433'),('576','1','yumiazusa','商品（ID:68）修改成功','1449045460','2130706433'),('577','1','yumiazusa','商品（ID:68）修改成功','1449045518','2130706433'),('578','1','yumiazusa','商品（ID:68）修改成功','1449045530','2130706433'),('579','1','yumiazusa','商品（ID:68）修改成功','1449045572','2130706433'),('580','1','yumiazusa','商品（ID:68）修改成功','1449045595','2130706433'),('581','1','yumiazusa','商品（ID:68）修改成功','1449045733','2130706433'),('582','1','yumiazusa','商品（ID:68）修改成功','1449045901','2130706433'),('583','1','yumiazusa','商品（ID:68）修改成功','1449062940','2130706433'),('584','1','yumiazusa','商品（ID:68）修改成功','1449063038','2130706433'),('585','1','yumiazusa','商品（PRO_ID:68）库存更新成功','1449063062','2130706433'),('586','1','yumiazusa','商品（PRO_ID:38）促销更新成功','1449902833','2130706433'),('587','1','yumiazusa','商品（ID:38）修改成功','1449902865','2130706433'),('588','1','yumiazusa','商品（PRO_ID:38）库存更新成功','1449902884','2130706433'),('589','1','yumiazusa','商品（PRO_ID:38）库存更新成功','1449903099','2130706433'),('590','1','yumiazusa','商品（PRO_ID:38）库存更新成功','1449903108','2130706433'),('591','1','yumiazusa','商品（PRO_ID:38）促销更新成功','1449909156','2130706433'),('592','1','yumiazusa','商品（PRO_ID:38）促销更新成功','1449940504','2130706433'),('593','1','yumiazusa','商品（PRO_ID:38）促销更新成功','1449940535','2130706433'),('594','1','yumiazusa','商品（PRO_ID:38）促销更新成功','1449940648','2130706433'),('595','1','yumiazusa','商品（PRO_ID:38）促销更新成功','1449940691','2130706433'),('596','1','yumiazusa','商品（PRO_ID:38）促销更新成功','1449941243','2130706433'),('597','1','yumiazusa','商品（PRO_ID:38）促销更新成功','1449941388','2130706433'),('598','1','yumiazusa','商品（PRO_ID:38）促销更新成功','1449942469','2130706433'),('599','1','yumiazusa','商品（PRO_ID:38）促销更新成功','1449943338','2130706433'),('600','1','yumiazusa','商品（ID:68）修改成功','1450014788','2130706433'),('601','1','yumiazusa','商品（PRO_ID:38）促销更新成功','1450014835','2130706433'),('602','1','yumiazusa','商品（PRO_ID:68）库存更新成功','1450016372','2130706433'),('603','1','yumiazusa','商品（PRO_ID:38）促销更新成功','1450016678','2130706433'),('604','1','yumiazusa','商品（PRO_ID:38）促销更新成功','1450016850','2130706433'),('605','1','yumiazusa','商品（PRO_ID:38）促销更新成功','1450023538','2130706433'),('606','1','yumiazusa','商品（PRO_ID:38）库存更新成功','1450026727','2130706433'),('607','1','yumiazusa','商品（PRO_ID:38）促销更新成功','1450110403','2130706433'),('608','1','yumiazusa','商品（ID:66）修改成功','1450114205','2130706433'),('609','1','yumiazusa','商品（PRO_ID:66）库存更新成功','1450114229','2130706433'),('610','1','yumiazusa','商品（PRO_ID:66）促销更新成功','1450114258','2130706433'),('611','1','yumiazusa','商品（PRO_ID:66）促销更新成功','1450115741','2130706433'),('612','1','yumiazusa','商品（ID:66）修改成功','1450115778','2130706433'),('613','1','yumiazusa','商品（PRO_ID:66）库存更新成功','1450115805','2130706433'),('614','1','yumiazusa','商品（PRO_ID:66）促销更新成功','1450115832','2130706433'),('615','1','yumiazusa','用户（UID：1）对订单id为3的订单增加了1物流123123','1450182402','2130706433'),('616','1','yumiazusa','商品（PRO_ID:38）促销更新成功','1450187864','2130706433'),('617','1','yumiazusa','商品分类（ATTR_ID:1）修改成功','1450236005','2130706433'),('618','1','yumiazusa','商品分类（ATTR_ID:2）修改成功','1450236016','2130706433'),('619','1','yumiazusa','商品分类（ATTR_ID:1）修改成功','1450236181','2130706433'),('620','1','yumiazusa','商品分类（ATTR_ID:2）修改成功','1450236193','2130706433'),('621','1','yumiazusa','商品分类（ATTR_ID:3）修改成功','1450236205','2130706433'),('622','1','yumiazusa','商品分类（CAT_ID:33）添加成功','1450245965','2130706433'),('623','1','yumiazusa','商品（ID:69）添加成功','1450246491','2130706433'),('624','1','yumiazusa','商品（ID:69）参数添加成功','1450246649','2130706433'),('625','1','yumiazusa','商品（PRO_ID:69）库存更新成功','1450246754','2130706433'),('626','1','yumiazusa','用户（UID：1）对订单id为3的订单增加了1物流112133123','1450247238','2130706433'),('627','1','yumiazusa','商品（PRO_ID:69）促销更新成功','1450247541','2130706433'),('628','1','yumiazusa','商品（ID:69）修改成功','1450247553','2130706433'),('629','1','yumiazusa','商品（PRO_ID:69）库存更新成功','1450247593','2130706433'),('630','1','yumiazusa','商品（PRO_ID:69）促销更新成功','1450247673','2130706433');/* MySQLReback Separation */
 /* 插入数据 `im_admin_logs` */
 INSERT INTO `im_admin_logs` VALUES ('631','1','yumiazusa','商品（PRO_ID:69）促销更新成功','1450247732','2130706433');/* MySQLReback Separation */
 /* 插入数据 `im_admin_logs` */
 INSERT INTO `im_admin_logs` VALUES ('632','1','yumiazusa','角色权限（ROLE_ID: 3）修改成功！','1450248226','2130706433'),('633','1','yumiazusa','角色权限（ROLE_ID: 3）修改成功！','1450248314','2130706433'),('634','1','yumiazusa','商品分类（ATTR_ID:1）删除成功','1450707822','2130706433'),('635','1','yumiazusa','商品分类（ATTR_ID:2）删除成功','1450707825','2130706433'),('636','1','yumiazusa','商品分类（ATTR_ID:3）删除成功','1450707828','2130706433'),('637','1','yumiazusa','商品分类（ATTR_ID:5）删除成功','1450707832','2130706433'),('638','1','yumiazusa','商品分类（CAT_ID:34）添加成功','1450707926','2130706433'),('639','1','yumiazusa','商品分类（CAT_ID:35）添加成功','1450708621','2130706433'),('640','1','yumiazusa','商品分类（CAT_ID:36）添加成功','1450708657','2130706433'),('641','1','yumiazusa','商品（ID:1）添加成功','1450708965','2130706433'),('642','1','yumiazusa','首页产品（ID:）添加成功','1452100032','2130706433'),('643','1','yumiazusa','首页产品（ID:）添加成功','1452100516','2130706433'),('644','1','yumiazusa','首页博文（ID:1）添加成功','1452493330','2130706433'),('645','1','yumiazusa','首页博文（ID:2）添加成功','1452493459','2130706433'),('646','1','yumiazusa','首页博文（ID:3）添加成功','1452493536','2130706433'),('647','1','yumiazusa','首页博文（ID:3）修改成功','1452501218','2130706433'),('648','1','yumiazusa','首页博文（ID:3）修改成功','1452501330','2130706433'),('649','1','yumiazusa','首页博文（ID:3）修改成功','1452501357','2130706433'),('650','1','yumiazusa','首页博文（ID:3）修改成功','1452501663','2130706433'),('651','1','yumiazusa','首页博文（ID:1）修改成功','1452501701','2130706433'),('652','1','yumiazusa','首页博文（ID:1）修改成功','1452501790','2130706433'),('653','1','yumiazusa','首页博文（ID:1）修改成功','1452501863','2130706433'),('654','1','yumiazusa','首页博文（ID:1）修改成功','1452502091','2130706433'),('655','1','yumiazusa','首页博文（ID:1）删除成功','1452525822','2130706433'),('656','1','yumiazusa','首页博文（ID:3）删除成功','1452525935','2130706433'),('657','1','yumiazusa','首页博文（ID:4）添加成功','1452526314','2130706433'),('658','1','yumiazusa','首页博文（ID:5）添加成功','1452526488','2130706433'),('659','1','yumiazusa','首页博文（ID:5）修改成功','1452528866','2130706433'),('660','1','yumiazusa','首页博文（ID:5）修改成功','1452528882','2130706433'),('661','1','yumiazusa','首页博文（ID:5）修改成功','1452605713','2130706433'),('662','1','yumiazusa','首页博文（ID:6）添加成功','1452605864','2130706433'),('663','1','yumiazusa','单页（关于我们）（ID:1）修改成功','1452932830','2130706433'),('664','1','yumiazusa','单页（关于我们）（ID:1）修改成功','1452932881','2130706433'),('665','1','yumiazusa','单页（关于我们）（ID:1）修改成功','1452932907','2130706433'),('666','1','yumiazusa','单页（关于我们）（ID:1）修改成功','1452933237','2130706433'),('667','1','yumiazusa','单页（关于我们）（ID:1）修改成功','1452934025','2130706433'),('668','1','yumiazusa','单页（关于我们）（ID:1）修改成功','1452934225','2130706433'),('669','1','yumiazusa','单页（关于我们）（ID:1）修改成功','1452934286','2130706433'),('670','1','yumiazusa','单页（关于我们）（ID:1）修改成功','1452934326','2130706433'),('671','1','yumiazusa','单页（关于我们）（ID:1）修改成功','1452934564','2130706433'),('672','1','yumiazusa','单页（关于我们）（ID:1）修改成功','1452934590','2130706433'),('673','1','yumiazusa','单页（关于我们）（ID:1）修改成功','1452934641','2130706433'),('674','1','yumiazusa','单页（关于我们）（ID:1）修改成功','1452934684','2130706433'),('675','1','yumiazusa','单页（关于我们）（ID:1）修改成功','1452935778','2130706433'),('676','1','yumiazusa','单页（关于我们）（ID:1）修改成功','1452935874','2130706433'),('677','1','yumiazusa','单页（关于我们）（ID:1）修改成功','1452935975','2130706433'),('678','1','yumiazusa','单页（关于我们）（ID:1）修改成功','1452936287','2130706433'),('679','1','yumiazusa','单页（关于我们）（ID:1）修改成功','1452936328','2130706433'),('680','1','yumiazusa','单页（关于我们）（ID:1）修改成功','1452936638','2130706433'),('681','1','yumiazusa','单页（关于我们）（ID:1）修改成功','1452936646','2130706433'),('682','1','yumiazusa','单页（关于我们）（ID:1）修改成功','1452936659','2130706433'),('683','1','yumiazusa','单页（关于我们）（ID:1）修改成功','1452937213','2130706433'),('684','1','yumiazusa','单页（关于我们）（ID:1）修改成功','1452937218','2130706433'),('685','1','yumiazusa','单页（关于我们）（ID:1）修改成功','1452937239','2130706433'),('686','1','yumiazusa','单页（关于我们）（ID:1）修改成功','1452937256','2130706433');/* MySQLReback Separation */
 /* 插入数据 `im_admin_logs` */
 INSERT INTO `im_admin_logs` VALUES ('687','1','yumiazusa','单页（关于我们）（ID:1）修改成功','1452937270','2130706433');/* MySQLReback Separation */
 /* 插入数据 `im_admin_logs` */
 INSERT INTO `im_admin_logs` VALUES ('688','1','yumiazusa','单页（关于我们）（ID:1）修改成功','1452937317','2130706433'),('689','1','yumiazusa','单页（关于我们）（ID:1）修改成功','1452937346','2130706433'),('690','1','yumiazusa','单页（关于我们）（ID:1）修改成功','1453017024','2130706433'),('691','1','yumiazusa','单页（关于我们）（ID:1）修改成功','1453017131','2130706433'),('692','1','yumiazusa','单页（关于我们）（ID:1）修改成功','1453017347','2130706433'),('693','1','yumiazusa','单页（关于我们）（ID:1）修改成功','1453017411','2130706433'),('694','1','yumiazusa','单页（关于我们）（ID:1）修改成功','1453017439','2130706433'),('695','1','yumiazusa','产品资质修改成功','1453019805','2130706433'),('696','1','yumiazusa','产品资质修改成功','1453019833','2130706433'),('697','1','yumiazusa','产品资质修改成功','1453020003','2130706433'),('698','1','yumiazusa','产品资质修改成功','1453020034','2130706433'),('699','1','yumiazusa','产品资质修改成功','1453020179','2130706433'),('700','1','yumiazusa','产品资质修改成功','1453020198','2130706433'),('701','1','yumiazusa','单页（关于我们）（ID:1）修改成功','1453051998','2130706433'),('702','1','yumiazusa','单页（关于我们）（ID:1）修改成功','1453052041','2130706433'),('703','1','yumiazusa','单页（关于我们）（ID:1）修改成功','1453052124','2130706433'),('704','1','yumiazusa','单页（关于我们）（ID:1）修改成功','1453052143','2130706433'),('705','1','yumiazusa','单页（关于我们）（ID:1）修改成功','1453052308','2130706433'),('706','1','yumiazusa','单页（关于我们）（ID:1）修改成功','1453052326','2130706433'),('707','1','yumiazusa','单页（关于我们）（ID:1）修改成功','1453052360','2130706433'),('708','1','yumiazusa','单页（法律声明）修改成功','1453052385','2130706433'),('709','1','yumiazusa','单页（法律声明）修改成功','1453052406','2130706433'),('710','1','yumiazusa','单页（法律声明）修改成功','1453262092','2130706433'),('711','1','yumiazusa','单页（法律声明）修改成功','1453262158','2130706433'),('712','1','yumiazusa','单页（法律声明）修改成功','1453262406','2130706433');/* MySQLReback Separation */
 /* 创建表结构 `im_admin_role`  */
 DROP TABLE IF EXISTS `im_admin_role`;/* MySQLReback Separation */ CREATE TABLE `im_admin_role` (
  `id` int(10) unsigned NOT NULL AUTO_INCREMENT,
  `role_name` varchar(32) NOT NULL DEFAULT '',
  `role_power` text NOT NULL,
  PRIMARY KEY (`id`)
) ENGINE=MyISAM AUTO_INCREMENT=2 DEFAULT CHARSET=utf8;/* MySQLReback Separation */
 /* 插入数据 `im_admin_role` */
 INSERT INTO `im_admin_role` VALUES ('1','超级管理员','{\'config\':[\'a\', \'b\']}');/* MySQLReback Separation */
 /* 创建表结构 `im_admin_users`  */
 DROP TABLE IF EXISTS `im_admin_users`;/* MySQLReback Separation */ CREATE TABLE `im_admin_users` (
  `id` int(10) unsigned NOT NULL AUTO_INCREMENT,
  `role_id` int(10) unsigned NOT NULL DEFAULT '0',
  `username` varchar(32) NOT NULL DEFAULT '',
  `password` char(40) NOT NULL DEFAULT '',
  `create_time` int(11) NOT NULL DEFAULT '0',
  `last_login_time` int(11) NOT NULL DEFAULT '0',
  `last_login_ip` bigint(11) NOT NULL DEFAULT '0',
  `login_times` int(10) unsigned NOT NULL DEFAULT '0',
  `status` tinyint(1) NOT NULL DEFAULT '1',
  PRIMARY KEY (`id`)
) ENGINE=MyISAM AUTO_INCREMENT=14 DEFAULT CHARSET=utf8;/* MySQLReback Separation */
 /* 插入数据 `im_admin_users` */
 INSERT INTO `im_admin_users` VALUES ('1','1','yumiazusa','5138b202d25f7a030b061c3d909b286cdbebc9fb','1443706072','1453275833','2130706433','119','1'),('10','3','laojianb','5138b202d25f7a030b061c3d909b286cdbebc9fb','1443718145','1450248326','2130706433','4','1'),('11','2','laojianb2','5138b202d25f7a030b061c3d909b286cdbebc9fb','1443718487','1444404957','2130706433','17','1');/* MySQLReback Separation */
 /* 创建表结构 `im_adv_position`  */
 DROP TABLE IF EXISTS `im_adv_position`;/* MySQLReback Separation */ CREATE TABLE `im_adv_position` (
  `id` int(10) unsigned NOT NULL AUTO_INCREMENT COMMENT '广告位编号',
  `p_name` varchar(63) NOT NULL DEFAULT '' COMMENT '广告位名称',
  `adv_width` smallint(5) NOT NULL DEFAULT '0' COMMENT '广告宽度',
  `adv_height` smallint(5) NOT NULL DEFAULT '0' COMMENT '广告高度',
  `p_desc` varchar(255) NOT NULL DEFAULT '' COMMENT '描述',
  PRIMARY KEY (`id`)
) ENGINE=MyISAM AUTO_INCREMENT=15 DEFAULT CHARSET=utf8;/* MySQLReback Separation */
 /* 插入数据 `im_adv_position` */
 INSERT INTO `im_adv_position` VALUES ('1','首页大图广告','580','1366','显示在首页的轮播大图'),('3','首页（第二组左）','400','800','                                                    网站首页，第一组左                                           '),('4','首页（第二组-右上）','400','400','                                                    首页第二组，右上角400 x 400图片                                                '),('5','首页（第二组-右下）','800','400','                          首页第二组，右下角800 x 400图片                        '),('6','首页（第三组-左）','488','551','                          首页第三组，左广告位 488 x 551                        '),('7','首页（第三组-右）','350','360','                          首页第三组，右侧四个广告位 350 x 360图片                        '),('8','首页（第四组-左右长图）','224','484','                          首页第四组，左下和右上两个长广告位，224 x 484大小                        '),('9','首页（第四组-上下宽图）','498','198','                          首页第四组，上下两宽图广告位， 498 x 198大小                         '),('10','首页（第四组-小图）','224','198','                          首页第四组，小图224 x 198大小广告位                        '),('11','首页（配件模块-左上）','611','301','首页配件模块广告位，左上角长图广告位，大小 611 x 301'),('12','首页（配件模块 左侧小图）','301','301','首页配件，左侧非排行小图，大小301 x 301'),('13','产品列表页左侧','820','450','产品列表页，上部，左侧大图最大宽度 828 ，高度450'),('14','产品列表页右侧','341','450','产品列表页，右侧广告，宽度341，高度450');/* MySQLReback Separation */
 /* 创建表结构 `im_advs`  */
 DROP TABLE IF EXISTS `im_advs`;/* MySQLReback Separation */ CREATE TABLE `im_advs` (
  `id` int(10) unsigned NOT NULL AUTO_INCREMENT COMMENT '广告编号',
  `position_id` int(10) unsigned NOT NULL DEFAULT '0' COMMENT '广告位ID',
  `product_id` int(10) NOT NULL DEFAULT '0' COMMENT '产品ID',
  `is_connect` tinyint(4) NOT NULL DEFAULT '0' COMMENT '是否关联产品0否1是',
  `adv_name` varchar(128) NOT NULL DEFAULT '' COMMENT '广告名称',
  `adv_desc` varchar(128) NOT NULL DEFAULT '' COMMENT '广告描述',
  `thumbnail` varchar(128) NOT NULL DEFAULT '' COMMENT '图片地址',
  `link_url` varchar(128) NOT NULL DEFAULT '' COMMENT '链接地址',
  `sort` tinyint(1) NOT NULL DEFAULT '0' COMMENT '排序',
  `add_time` int(11) NOT NULL DEFAULT '0' COMMENT '添加时间',
  `is_show` tinyint(1) NOT NULL DEFAULT '1' COMMENT '是否显示',
  PRIMARY KEY (`id`)
) ENGINE=MyISAM AUTO_INCREMENT=28 DEFAULT CHARSET=utf8;/* MySQLReback Separation */
 /* 插入数据 `im_advs` */
 INSERT INTO `im_advs` VALUES ('1','1','1','1','首页第一组第一张','首页第一组第一张','2015-12-16/5670ce9e505dd.jpg','http://www.baidu.com','0','1421254303','1'),('2','1','1','1','首页第一组第二张','首页第一组第二张','2015-12-15/567024d297c0a.jpg','http://www.baidu.com','0','1421255679','1'),('3','1','38','0','首页第一组第三张','首页第一组第三张','2015-12-15/567024fac7ad5.jpg','http://www.baidu.com','0','1421255859','1'),('4','3','1','0','首页第二组左一','首页第二组左一','2015-12-21/56781083b7156.jpg','http://www.baidu.com','0','1421926491','1'),('5','4','1','0','首页第二组上右','首页第二组上右','2015-12-15/5670294369dc0.jpg','http://www.baidu.com','0','1421926556','1'),('6','4','1','0','首页第二组上中','首页第二组上中','2015-12-15/5670297e11cfa.jpg','http://www.baidu.com','0','1421926631','1'),('7','5','1','0','首页第二组下','首页第二组下','2015-12-15/56702a5fe7a89.jpg','http://www.baidu.com','0','1421926732','1'),('8','6','66','0','首页第三组左一','首页第三组左一','2015-12-15/56702d0d01f78.jpg',null,'0','1421994735','1'),('9','7','38','0','首页第三组上中','首页第三组上中','2015-12-15/56702e48e391e.jpg',null,'0','1421994787','1'),('10','7','38','0','首页第三组上右','首页第三组上右','2015-12-15/56702ea0ccdf2.jpg',null,'0','1421994836','1'),('11','7','38','0','首页第三组下中','首页第三组下中','2015-12-15/56702f2e6e2b6.jpg',null,'0','1421994883','1'),('12','7','38','0','首页第三组下右','首页第三组下右','2015-12-15/56702f677d5ed.jpg',null,'0','1421994904','1'),('13','8','66','0','首页第四组左下','首页第四组左下','2015-12-15/567030e73e9d2.jpg',null,'0','1421995883','1'),('14','8','38','0','首页第四组右上','首页第四组右上','2015-12-15/56703477ca4f6.jpg',null,'0','1421995922','1'),('15','9','38','0','首页第四组上中','首页第四组上中','2015-12-15/5670334144944.jpg',null,'0','1421995968','1'),('16','9','38','0','首页第四组中下','首页第四组中下','2015-12-15/567034d9803c2.jpg',null,'0','1421995990','1'),('17','10','38','0','首页第四组右下','首页第四组右下','2015-12-15/567035345e58f.jpg',null,'0','1421996019','1'),('18','10','38','0','首页第四组中右','首页第四组中右','2015-12-15/5670340f5cb28.jpg',null,'0','1421996064','1'),('19','10','38','0','首页第四组中左','首页第四组中左','2015-12-15/567033c81d33c.jpg',null,'0','1421996096','1'),('20','10','1','0','首页第四组左上','首页第四组左上','2015-12-15/567032b47ac40.jpg',null,'0','1421996115','1'),('21','11','38','0','配件广告1','配件广告1','2015-01-23/54c1f84c16e8f.jpg',null,'0','1421998156','1'),('22','12','1','0','配件广告2','配件广告二','2015-01-23/54c1f885ba501.jpg',null,'0','1421998213','1'),('23','12','1','0','配件广告3','配件广告3','2015-01-23/54c1f8b005432.jpg',null,'0','1421998256','1'),('24','12','38','0','配件广告4','配件广告4','2015-01-23/54c1f8c960ae5.jpg',null,'0','1421998281','1'),('25','12','38','0','配件广告5','配件广告5','2015-01-23/54c1f95df3499.png',null,'0','1421998430','1'),('26','13','38','0','列表页左','列表页左','2015-12-16/5670419edb0e0.jpg',null,'0','1422003306','1'),('27','14','38','0','列表页右','列表页右','2015-12-15/5670369023f8a.jpg',null,'0','1422003404','1');/* MySQLReback Separation */
 /* 创建表结构 `im_archives`  */
 DROP TABLE IF EXISTS `im_archives`;/* MySQLReback Separation */ CREATE TABLE `im_archives` (
  `id` int(10) unsigned NOT NULL AUTO_INCREMENT COMMENT '单页编号',
  `title` varchar(32) NOT NULL DEFAULT '' COMMENT '单页名称',
  `symbol` varchar(32) NOT NULL DEFAULT '' COMMENT '单页标识',
  `keywords` varchar(128) NOT NULL DEFAULT '' COMMENT '关键字',
  `description` varchar(255) NOT NULL DEFAULT '' COMMENT '描述',
  `content` text NOT NULL COMMENT '内容',
  PRIMARY KEY (`id`)
) ENGINE=MyISAM AUTO_INCREMENT=4 DEFAULT CHARSET=utf8;/* MySQLReback Separation */
 /* 插入数据 `im_archives` */
 INSERT INTO `im_archives` VALUES ('1','dfdf','dfdfd','fdfdf','dfdfdfd','fdafasdfadsfasdfasdf'),('2','dsdddd','sssss','dddd','sdsdsdsdsd','&lt;h1&gt;\r\n	&lt;span style=&quot;font-size:32px;&quot;&gt;hahahah&lt;/span&gt;\r\n&lt;/h1&gt;'),('3','单页一','single','asdfasdf','sadfadsf','&lt;table style=&quot;width:100%;&quot; cellpadding=&quot;2&quot; cellspacing=&quot;0&quot; border=&quot;1&quot; bordercolor=&quot;#000000&quot;&gt;\r\n	&lt;tbody&gt;\r\n		&lt;tr&gt;\r\n			&lt;td&gt;\r\n				qwe\r\n			&lt;/td&gt;\r\n			&lt;td&gt;\r\n				qweqwe\r\n			&lt;/td&gt;\r\n		&lt;/tr&gt;\r\n		&lt;tr&gt;\r\n			&lt;td&gt;\r\n				qweqwe\r\n			&lt;/td&gt;\r\n			&lt;td&gt;\r\n				qweqwe\r\n			&lt;/td&gt;\r\n		&lt;/tr&gt;\r\n		&lt;tr&gt;\r\n			&lt;td&gt;\r\n				wqeqwe\r\n			&lt;/td&gt;\r\n			&lt;td&gt;\r\n				qweqwe\r\n			&lt;/td&gt;\r\n		&lt;/tr&gt;\r\n	&lt;/tbody&gt;\r\n&lt;/table&gt;\r\n&lt;br /&gt;');/* MySQLReback Separation */
 /* 创建表结构 `im_attribute`  */
 DROP TABLE IF EXISTS `im_attribute`;/* MySQLReback Separation */ CREATE TABLE `im_attribute` (
  `id` mediumint(8) unsigned NOT NULL AUTO_INCREMENT COMMENT 'id',
  `attr_name` varchar(30) NOT NULL COMMENT '属性名称',
  `attr_type` enum('唯一','单选') NOT NULL COMMENT '属性类型',
  `attr_values` varchar(300) NOT NULL DEFAULT '' COMMENT '属性的可选值',
  `type_id` mediumint(8) unsigned NOT NULL COMMENT '所属类型',
  PRIMARY KEY (`id`),
  KEY `type_id` (`type_id`)
) ENGINE=MyISAM AUTO_INCREMENT=15 DEFAULT CHARSET=utf8 COMMENT='属性';/* MySQLReback Separation */
 /* 插入数据 `im_attribute` */
 INSERT INTO `im_attribute` VALUES ('11','尺码','单选','s,m,x,xl','8'),('12','产地','唯一',null,'8'),('13','品牌','唯一',null,'9'),('14','样式','单选','直板,滑盖,翻盖,全触摸屏','9');/* MySQLReback Separation */
 /* 创建表结构 `im_auth_group`  */
 DROP TABLE IF EXISTS `im_auth_group`;/* MySQLReback Separation */ CREATE TABLE `im_auth_group` (
  `id` mediumint(8) unsigned NOT NULL AUTO_INCREMENT,
  `title` char(100) NOT NULL DEFAULT '',
  `status` tinyint(1) NOT NULL DEFAULT '1',
  `rules` varchar(20000) NOT NULL,
  `describe` char(50) NOT NULL DEFAULT '',
  PRIMARY KEY (`id`)
) ENGINE=MyISAM AUTO_INCREMENT=19 DEFAULT CHARSET=utf8;/* MySQLReback Separation */
 /* 插入数据 `im_auth_group` */
 INSERT INTO `im_auth_group` VALUES ('1','超级管理员','1',null,'拥有全部权限'),('2','网站管理员','1','24','拥有相对多的权限'),('3','发布人员','1','1,24,98,99,100,102,103,104,107,108,109,110,111,112,113','拥有发布、修改文章的权限'),('6','积分大于50小于200','1','2,16','积分大于50小于200'),('7','积分大于200','1','2,17','积分大于200'),('8','默认组','1','2,1,3','拥有一些通用的权限'),('10','测试2','1','2,3,4,5,46,47,48','测试22');/* MySQLReback Separation */
 /* 创建表结构 `im_auth_group_access`  */
 DROP TABLE IF EXISTS `im_auth_group_access`;/* MySQLReback Separation */ CREATE TABLE `im_auth_group_access` (
  `uid` mediumint(8) unsigned NOT NULL,
  `group_id` mediumint(8) unsigned NOT NULL,
  UNIQUE KEY `uid_group_id` (`uid`,`group_id`),
  KEY `uid` (`uid`),
  KEY `group_id` (`group_id`)
) ENGINE=MyISAM DEFAULT CHARSET=utf8;/* MySQLReback Separation */
 /* 插入数据 `im_auth_group_access` */
 INSERT INTO `im_auth_group_access` VALUES ('1','1'),('10','3'),('11','2');/* MySQLReback Separation */
 /* 创建表结构 `im_auth_rule`  */
 DROP TABLE IF EXISTS `im_auth_rule`;/* MySQLReback Separation */ CREATE TABLE `im_auth_rule` (
  `id` mediumint(8) unsigned NOT NULL AUTO_INCREMENT,
  `name` char(80) NOT NULL DEFAULT '',
  `title` char(20) NOT NULL DEFAULT '',
  `type` tinyint(1) NOT NULL DEFAULT '1',
  `status` tinyint(1) NOT NULL DEFAULT '1',
  `condition` char(100) NOT NULL DEFAULT '',
  `pid` int(11) DEFAULT NULL,
  PRIMARY KEY (`id`),
  UNIQUE KEY `name` (`name`)
) ENGINE=MyISAM AUTO_INCREMENT=351 DEFAULT CHARSET=utf8;/* MySQLReback Separation */
 /* 插入数据 `im_auth_rule` */
 INSERT INTO `im_auth_rule` VALUES ('1','Admin/SystemConfig/webConfig','网站配置','1','1',null,'2'),('2','Admin/Administrator/index','管理员','1','1',null,'4'),('3','Administrator/userAdd','添加管理员','1','1',null,'4'),('4','Administrator/userEdit','编辑管理员','1','1',null,'4'),('5','Administrator/userDelete','删除管理员','1','1',null,'4'),('6','Email/index','邮件配置','1','1',null,'2'),('7','Pay/index','支付配置','1','1',null,'2'),('8','Shipping/index','物流管理','1','1',null,'2'),('9','Shipping/shippingAdd','添加物流','1','1',null,'2'),('10','Shipping/shippingEdit','编辑物流','1','1',null,'2'),('11','Shipping/doShippingDelete','删除物流','1','1',null,'2'),('12','AdvPosition/advManager','广告管理','1','1',null,'2'),('13','AdvPosition/addAdv','添加广告','1','1',null,'2'),('14','AdvPosition/editAdv','编辑广告','1','1',null,'2'),('15','AdvPosition/delAdv','删除广告','1','1',null,'2'),('16','User/index','用户管理','1','1',null,'3'),('17','User/userEdit','修改用户','1','1',null,'2'),('18','Product/productList','商品管理','1','1',null,'2'),('19','Product/productAdd','添加商品','1','1',null,'2'),('20','Product/productEdit','修改商品','1','1',null,'2'),('21','OrderInfo/index','订单管理','1','1',null,'2'),('22','SupportDown/fileList','售后管理','1','1',null,'2'),('23','SupportDown/downCate','添加下载分类','1','1',null,'2'),('24','Admin/Index/index','后台首页','1','1',null,'2'),('25','Jurisdiction/group','创建权限','1','1',null,'3'),('26','SupportDown/down','添加下载文件','1','1',null,'2'),('27','Faq/articleList','常见问题','1','1',null,'2'),('28','SupportMap/index','网点查询','1','1',null,'2'),('29','SaleService/returnProduct','退货商品','1','1',null,'2'),('30','SaleService/changeProduct','换货商品','1','1',null,'2'),('31','SaleService/prepareProduct','维修商品','1','1',null,'2'),('32','Links/linksmanager','友情链接','1','1',null,'2'),('33','Jurisdiction/buttons','文章管理','1','1',null,'2'),('34','News/newsManager','新闻管理','1','1',null,'2'),('35','News/CategoryList','新闻分类管理','1','1',null,'2'),('36','Video/setVideo','视频管理','1','1',null,'2'),('37','Product/productParamAdd','商品参数','1','1',null,'2'),('38','Product/toggleOnSale','商品下架','1','1',null,'2'),('39','Admin/Product/addProductToRecycle','商品回收站','1','1',null,'2'),('40','User/userAddress','用户的收货地址','1','1',null,'2'),('41','User/productParamAdd','查询订单','1','1',null,'2'),('42','User/toggleOnSale','交易明细','1','1',null,'2'),('43','User/addProductToRecycle','禁用用户','1','1',null,'2'),('44','Feedback/index','用户留言','1','1',null,'2'),('45','User/userAdd','添加会员','1','1',null,'2'),('46','Administrator/doUserEdit','保存管理员信息','1','1',null,'4'),('47','Administrator/toggleStatus','修改管理员状态','1','1',null,'4'),('48','Administrator/batchDelete','批量删除管理员','1','1',null,'4'),('49','AdvPosition/addCate','执行添加广告分类','1','1',null,'2'),('50','AdvPosition/Adv','添加广告分类','1','1',null,'2'),('51','AdvPosition/cateList','广告分类表','1','1',null,'2'),('52','AdvPosition/insertAdv','执行添加广告','1','1',null,'2'),('53','AdvPosition/editSave','保存修改广告信息','1','1',null,'2'),('54','AdvPosition/cateSave','保存修改广告分类','1','1',null,'2'),('55','AdvPosition/delCate','删除广告分类','1','1',null,'2'),('56','Email/tmpEdit','获取邮件修改模板','1','1',null,'2'),('57','Email/doTmpEdit','执行模板编辑操作','1','1',null,'2'),('58','Email/saveConfig','保存基本配置修改信息','1','1',null,'2'),('59','Faq/faqCate','添加常见问题分类','1','1',null,'2'),('60','Faq/cateSave','执行添加分类','1','1',null,'2'),('61','Faq/faqArticles','添加问题文章','1','1',null,'2'),('62','Faq/lookArticle','查看问题文章','1','1',null,'2'),('63','Faq/editArticle','编辑问题文章','1','1',null,'2'),('64','Faq/editSave','保存修改文章','1','1',null,'2'),('65','Faq/delArticle','删除文章','1','1',null,'2'),('66','Backup/index','数据库备份','1','1',null,'2'),('67','Backup/fileList','获取数据表','1','1',null,'2'),('68','Backup/backAll','备份整个数据库','1','1',null,'2'),('69','Backup/backTables','按表备份','1','1',null,'2'),('70','Backup/doBatch','批量操作','1','1',null,'2'),('71','Backup/recover','还原数据库','1','1',null,'2'),('72','Backup/deleteBak','删除数据备份','1','1',null,'2'),('73','Backup/downloadBak','下载备份文件','1','1',null,'2'),('74','Backup/setFile','把数据写入磁盘','1','1',null,'2'),('75','Feedback/doBatchDelete','批量删除留言','1','1',null,'2'),('76','Feedback/doDeleteFeedback','执行删除操作','1','1',null,'2'),('77','FeedBack/view','获取回复页面','1','1',null,'2'),('78','FeedBack/doFeedbackAdd','执行回复操作','1','1',null,'2'),('79','Links/addLinks','添加友情链接','1','1',null,'2'),('80','Links/doAddLinks','执行添加友情链接','1','1',null,'2'),('81','Links/editLinks','修改友情链接','1','1',null,'2');/* MySQLReback Separation */
 /* 插入数据 `im_auth_rule` */
 INSERT INTO `im_auth_rule` VALUES ('82','Links/doEditLinks','执行修改友情链接','1','1',null,'2');/* MySQLReback Separation */
 /* 插入数据 `im_auth_rule` */
 INSERT INTO `im_auth_rule` VALUES ('83','Links/delLinks','删除友情链接','1','1',null,'2'),('84','Log/index','日志列表','1','1',null,'2'),('85','Log/setLog','日志写入类','1','1',null,'2'),('86','Log/logDelete','删除日志','1','1',null,'2'),('87','Log/batchDelete','批量删除操作','1','1',null,'2'),('88','News/addNewsCategory','添加新闻类别','1','1',null,'2'),('89','News/editCategory','修改新闻分类','1','1',null,'2'),('90','News/addCategory','执行添加新闻类别','1','1',null,'2'),('91','News/categoryUpdat','执行修改新闻类别','1','1',null,'2'),('92','News/delCategory','删除新闻类别','1','1',null,'2'),('93','News/addNews','添加新闻','1','1',null,'2'),('94','News/doAddNews','执行添加新闻','1','1',null,'2'),('95','News/editNews','修改新闻','1','1',null,'2'),('96','News/updateNews','执行修改新闻','1','1',null,'2'),('97','News/delNews','删除新闻','1','1',null,'2'),('98','OrderInfo/OrderInfo','订单信息','1','1',null,'2'),('99','OrderInfo/shippingAdd','添加物流信息','1','1',null,'2'),('100','OrderInfo/OrderCancel','取消订单','1','1',null,'2'),('101','OrderInfo/savePaypal','保存支付配置信息','1','1',null,'2'),('102','Product/doProductEdit','执行商品修改操作','1','1',null,'2'),('103','Product/productRecycle','回收站商品列表','1','1',null,'2'),('104','Product/removeProductToRecycle','将产品从回收站移出','1','1',null,'2'),('105','Product/deleteProduct','删除商品','1','1',null,'2'),('106','Product/doEditParam','执行参数编辑操作','1','1',null,'2'),('107','Product/editParam','编辑商品参数','1','1',null,'2'),('108','Product/doDeleteParam','执行删除参数操作','1','1',null,'2'),('109','Product/doAddProduct','执行产品添加操作','1','1',null,'2'),('110','Product/productCats','商品分类列表','1','1',null,'2'),('111','Product/productCatAdd','获取添加商品分类界面','1','1',null,'2'),('112','Product/doCatAdd','执行添加商品分类操作','1','1',null,'2'),('113','Product/productAssess','商品评价','1','1',null,'2'),('114','Product/doBatchDelete','批量删除留言','1','1',null,'2'),('115','Product/doDeleteFeedback','执行删除操作','1','1',null,'2'),('116','Product/product_comment_view','回复页面','1','1',null,'2'),('117','Product/doFeedbackAdd','回复操作','1','1',null,'2'),('118','SaleService/lookService','查看服务单详情','1','1',null,'2'),('119','Seo/seoList','SEO列表','1','1',null,'2'),('120','Seo/addseo','添加seo','1','1',null,'2'),('121','Seo/doaddSeo','执行添加seo','1','1',null,'2'),('122','Seo/editSeo','修改seo','1','1',null,'2'),('123','Seo/doeditSeo','执行修改Seo','1','1',null,'2'),('124','Seo/delSeo','删除Seo','1','1',null,'2'),('125','Shipping/saveShippingAPI','保存物流接口','1','1',null,'2'),('126','Shipping/doShippingEdit','执行修改操作','1','1',null,'2'),('127','Shipping/doShippingAdd','执行添加物流信息','1','1',null,'2'),('128','Sms/index','获取短信配置界面','1','1',null,'2'),('129','Sms/deleteTmp','执行删除操作','1','1',null,'2'),('130','Sms/addTmp','获取添加模板','1','1',null,'2'),('131','Sms/doAddTmp','执行添加操作','1','1',null,'2'),('132','Sms/editTmp','获取短信修改模板','1','1',null,'2'),('133','Sms/doEditTmp','执行编辑操作','1','1',null,'2'),('134','Sms/saveConfig','保存基本配置修改信息','1','1',null,'2'),('135','SupportArticles/articleCate','文章分类','1','1',null,'2');/* MySQLReback Separation */
 /* 创建表结构 `im_blog`  */
 DROP TABLE IF EXISTS `im_blog`;/* MySQLReback Separation */ CREATE TABLE `im_blog` (
  `id` int(10) unsigned NOT NULL AUTO_INCREMENT COMMENT '新闻编号id',
  `type` tinyint(1) unsigned NOT NULL DEFAULT '1' COMMENT 'blog分类 1多图文 2视频图文',
  `title` varchar(255) NOT NULL DEFAULT '' COMMENT '新闻标题',
  `author` varchar(32) NOT NULL DEFAULT '' COMMENT '作者',
  `keywords` varchar(128) NOT NULL DEFAULT '' COMMENT '关键字',
  `list_image` varchar(128) NOT NULL COMMENT '封面图片',
  `description` varchar(255) NOT NULL DEFAULT '' COMMENT '描述',
  `create_time` int(11) NOT NULL DEFAULT '0' COMMENT '创建日期',
  `content` text NOT NULL COMMENT '内容',
  `clicktimes` int(10) unsigned NOT NULL DEFAULT '0' COMMENT '浏览次数',
  `is_show` tinyint(1) unsigned NOT NULL DEFAULT '1' COMMENT '默认显示',
  PRIMARY KEY (`id`),
  KEY `cat_id` (`type`)
) ENGINE=MyISAM AUTO_INCREMENT=7 DEFAULT CHARSET=utf8;/* MySQLReback Separation */
 /* 插入数据 `im_blog` */
 INSERT INTO `im_blog` VALUES ('5','1','习近平：坚持全面从严治党依规治党 创新体制机制强化党内监督','admin','习近平，强化党内监督','2016-01-12/5693d4e13e070.png',' 1月12日，中共中央总书记、国家主席、中央军委主席习近平在中国共产党第十八届中央纪律检查委员会第六次全体会议上发表重要讲话。','1452605713','&lt;p style=&quot;font-size:14px;font-family:SimSun;color:#2B2B2B;&quot;&gt;\r\n	&amp;nbsp;1月12日，中共中央总书记、国家主席、中央军委主席习近平在&lt;a href=&quot;http://country.huanqiu.com/chinesecommunistparty&quot; class=&quot;linkAbout&quot; target=&quot;_blank&quot;&gt;中国共产党&lt;/a&gt;第十八届中央纪律检查委员会第六次全体会议上发表重要讲话。(新华社记者 马占成 摄)\r\n&lt;/p&gt;\r\n&lt;p style=&quot;font-size:14px;font-family:SimSun;color:#2B2B2B;&quot;&gt;\r\n	　　 中共中央总书记、国家主席、中央军委主席习近平12日上午在&lt;a href=&quot;http://country.huanqiu.com/china&quot; class=&quot;linkAbout&quot; target=&quot;_blank&quot;&gt;中国&lt;/a&gt;共产党第十八届中央纪律检查委员会第六次全体会议上发表重要讲话。他强调，保持坚强政治定力，坚持全面从严治党、依规治党，聚焦监督执纪问责，深化标本兼治，创新体制机制，健全法规制度，强化党内监督，把纪律挺在前面，持之以恒落实中央八项规定精神，着力解决群众身边的不正之风和腐败问题，坚决遏制腐败蔓延势头，不断取得党风廉政建设和反腐败斗争新成效。\r\n&lt;/p&gt;\r\n&lt;p style=&quot;font-size:14px;font-family:SimSun;color:#2B2B2B;&quot;&gt;\r\n	　　 中共中央政治局常委李克强、张德江、俞正声、刘云山、张高丽出席会议。中共中央政治局常委、中央纪律检查委员会书记王岐山主持会议。\r\n&lt;/p&gt;\r\n&lt;p style=&quot;font-size:14px;font-family:SimSun;color:#2B2B2B;&quot;&gt;\r\n	　　 习近平指出，党的十八大以来，我们党着眼于新的形势任务，把全面从严治党纳入“四个全面”战略布局，把党风廉政建设和反腐败斗争作为全面从严治党的重要内容，正风肃纪，反腐惩恶，着力构建不敢腐、不能腐、不想腐的体制机制。中央纪委贯彻党中央决策部署，遵循党章规定，聚焦中心任务，推动党风廉政建设和反腐败斗争取得新的重大成效。我们严明党的政治纪律、夯实管党治党责任，创新体制机制、扎牢制度笼子，持之以恒纠正“四风”、党风民风向善向上，强化党内监督、发挥巡视利剑作用，严惩腐败分子、加强追逃追赃工作。民心是最大的政治，正义是最强的力量。反腐败增强了人民群众对党的信任和支持，人民群众给予高度评价。\r\n&lt;/p&gt;\r\n&lt;p style=&quot;font-size:14px;font-family:SimSun;color:#2B2B2B;&quot;&gt;\r\n	　　 习近平强调，夺取全面建成小康社会决胜阶段的伟大胜利，关键在党。“打铁还需自身硬”是我们党的庄严承诺，全面从严治党是我们立下的军令状。3年来，我们着力解决管党治党失之于宽、失之于松、失之于软的问题，使不敢腐的震慑作用充分发挥，不能腐、不想腐的效应初步显现，反腐败斗争压倒性态势正在形成。党中央坚定不移反对腐败的决心没有变，坚决遏制腐败现象蔓延势头的目标没有变。全党同志对党中央在反腐败斗争上的决心要有足够自信，对反腐败斗争取得的成绩要有足够自信，对反腐败斗争带来的正能量要有足够自信，对反腐败斗争的光明前景要有足够自信。\r\n&lt;/p&gt;\r\n&lt;p style=&quot;font-size:14px;font-family:SimSun;color:#2B2B2B;&quot;&gt;\r\n	　　 习近平指出，做好今年工作，重点要把握好以下几点。一是尊崇党章，严格执行准则和条例。全面从严治党首先要尊崇党章。各级党委和纪委要首先加强对维护党章、执行党的路线方针政策和决议情况的监督检查，确保党的集中统一，保证党中央政令畅通。二是坚持坚持再坚持，把作风建设抓到底。要用铁的纪律整治各种面上的顶风违纪行为，有多少就处理多少。抓作风建设要返璞归真、固本培元，在加强党性修养的同时，弘扬中华优秀传统文化。领导干部要把家风建设摆在重要位置，廉洁修身、廉洁齐家。三是实现不敢腐，坚决遏制腐败现象滋生蔓延势头。惩治腐败这一手必须紧抓不放、利剑高悬，坚持无禁区、全覆盖、零容忍。要加大国际追逃追赃力度。四是推动全面从严治党向基层延伸。对基层贪腐以及执法不公等问题，要认真纠正和严肃查处，维护群众切身利益，让群众更多感受到反腐倡廉的实际成果。五是标本兼治，净化政治生态。各级领导干部特别是高级干部要从自身做起，廉洁用权，做遵纪守法的模范，同时要坚持原则、敢抓敢管，立“明规矩”、破“潜规则”，通过体制机制改革和制度创新促进政治生态不断改善。\r\n&lt;/p&gt;','77','1');/* MySQLReback Separation */
 /* 插入数据 `im_blog` */
 INSERT INTO `im_blog` VALUES ('6','2','百度：病种类贴吧全面停止商业合作','admin','百度，血友病','2016-01-12/5695019d3c593.png',' 百度公司12日正式对外宣布，百度贴吧所有病种类吧全面停止商业合作，只对权威公益组织开放。','1452605864','&lt;p style=&quot;font-size:14px;font-family:SimSun;color:#2B2B2B;&quot;&gt;\r\n	此前一天，专注血友病防治的NGO组织“血友之家”已经接受百度贴吧的邀请，成为血友病吧的新吧主，其将与7000多名血友病吧友一起共同运营管理。“血友之家”也成为首家参与病种类贴吧运营的公益机构。\r\n&lt;/p&gt;\r\n&lt;p style=&quot;font-size:14px;font-family:SimSun;color:#2B2B2B;&quot;&gt;\r\n	　　 作为广大网友就共同的兴趣话题交流讨论的平台，百度贴吧病种类吧中每天都聚集着大量病患进行诊疗相关分享和探讨。而此类贴吧由于关系到用户的生命健康，对其中内容和运营行为的监管显得尤为重要。日前，针对血友病吧机构吧主运营问题的投诉，百度贴吧开展调查，并快速做出决策，撤换了原吧主，而由非盈利机构“血友之家”作为机构吧主与吧友共同运营管理“血友病吧”。\r\n&lt;/p&gt;','248','1');/* MySQLReback Separation */
 /* 创建表结构 `im_blog_album`  */
 DROP TABLE IF EXISTS `im_blog_album`;/* MySQLReback Separation */ CREATE TABLE `im_blog_album` (
  `id` int(10) unsigned NOT NULL AUTO_INCREMENT COMMENT '图片编号',
  `blog_id` int(10) unsigned NOT NULL DEFAULT '0' COMMENT '博客ID',
  `images` varchar(128) NOT NULL DEFAULT '' COMMENT '图片地址',
  `video` varchar(250) NOT NULL COMMENT '视频url',
  PRIMARY KEY (`id`),
  KEY `attr_id` (`blog_id`)
) ENGINE=MyISAM AUTO_INCREMENT=17 DEFAULT CHARSET=utf8;/* MySQLReback Separation */
 /* 插入数据 `im_blog_album` */
 INSERT INTO `im_blog_album` VALUES ('16','6',null,'http://player.youku.com/player.php/sid/XMTI4MTE1NTY0MA==/v.swf'),('14','5','/Public/Index/Blog/2016-01-12/5693d4ee75e05.jpg',null),('15','5','/Public/Index/Blog/2016-01-12/5693d4ee82540.jpg',null);/* MySQLReback Separation */
 /* 创建表结构 `im_blog_comment_replies`  */
 DROP TABLE IF EXISTS `im_blog_comment_replies`;/* MySQLReback Separation */ CREATE TABLE `im_blog_comment_replies` (
  `id` int(10) unsigned NOT NULL AUTO_INCREMENT COMMENT '回复编号',
  `replyid` int(10) unsigned NOT NULL DEFAULT '0' COMMENT '评论ID',
  `blog_id` int(11) NOT NULL COMMENT '博文ID',
  `username` varchar(25) NOT NULL COMMENT '回复用户姓名',
  `header` tinyint(4) NOT NULL,
  `reply_time` int(10) NOT NULL DEFAULT '0',
  `contents` text NOT NULL COMMENT '回复内容',
  PRIMARY KEY (`id`),
  KEY `comment_id` (`replyid`)
) ENGINE=MyISAM AUTO_INCREMENT=2 DEFAULT CHARSET=utf8;/* MySQLReback Separation */
 /* 插入数据 `im_blog_comment_replies` */
 INSERT INTO `im_blog_comment_replies` VALUES ('1','1','6','1212','1','1452699807','1212212');/* MySQLReback Separation */
 /* 创建表结构 `im_blog_comments`  */
 DROP TABLE IF EXISTS `im_blog_comments`;/* MySQLReback Separation */ CREATE TABLE `im_blog_comments` (
  `id` int(10) unsigned NOT NULL AUTO_INCREMENT COMMENT '商品评价id',
  `blog_id` int(10) unsigned NOT NULL DEFAULT '0' COMMENT '博文ID',
  `username` varchar(25) NOT NULL COMMENT '用户名',
  `header` tinyint(4) NOT NULL DEFAULT '1' COMMENT '用户头像',
  `contents` text NOT NULL COMMENT '评论类型',
  `comment_time` int(10) NOT NULL DEFAULT '0',
  PRIMARY KEY (`id`),
  KEY `product_id` (`blog_id`)
) ENGINE=MyISAM AUTO_INCREMENT=2 DEFAULT CHARSET=utf8;/* MySQLReback Separation */
 /* 插入数据 `im_blog_comments` */
 INSERT INTO `im_blog_comments` VALUES ('1','6','1212121','1','12121234123','1452699754');/* MySQLReback Separation */
 /* 创建表结构 `im_email_templates`  */
 DROP TABLE IF EXISTS `im_email_templates`;/* MySQLReback Separation */ CREATE TABLE `im_email_templates` (
  `id` int(10) unsigned NOT NULL AUTO_INCREMENT,
  `ename` varchar(32) NOT NULL DEFAULT '',
  `subject` varchar(255) NOT NULL DEFAULT '',
  `content` text NOT NULL,
  PRIMARY KEY (`id`)
) ENGINE=InnoDB AUTO_INCREMENT=3 DEFAULT CHARSET=utf8;/* MySQLReback Separation */
 /* 插入数据 `im_email_templates` */
 INSERT INTO `im_email_templates` VALUES ('1','email_send_reg','{sy_webname} 注册通知','&lt;p&gt;\r\n 欢迎注册{sy_webname}会员：\r\n&lt;/p&gt;\r\n&lt;p&gt;\r\n  &amp;nbsp;&amp;nbsp;&amp;nbsp;&amp;nbsp;&amp;nbsp;&amp;nbsp;&amp;nbsp;&amp;nbsp;\r\n&lt;/p&gt;'),('2','email_send_verify','{sy_webname} 验证消息','&lt;p&gt;\r\n  &lt;br /&gt;\r\n&lt;/p&gt;\r\n&lt;p style=&quot;font-family:arial, verdana, sans-serif;font-size:18px;&quot;&gt;\r\n  &lt;img src=&quot;http://statics.oneplus.cn/img/logo-oneplus.png&quot; alt=&quot;&quot; /&gt; \r\n&lt;/p&gt;\r\n&lt;p style=&quot;font-family:arial, verdana, sans-serif;font-size:18px;&quot;&gt;\r\n  &lt;br /&gt;\r\n&lt;/p&gt;\r\n&lt;p style=&quot;font-family:arial, verdana, sans-serif;font-size:18px;&quot;&gt;\r\n  亲爱的用户：&lt;br /&gt;\r\n您好！&lt;br /&gt;\r\n{username}，&lt;br /&gt;\r\n点击下方激活链接即可完成注册：\r\n&lt;/p&gt;\r\n&lt;p style=&quot;font-family:arial, verdana, sans-serif;font-size:18px;&quot;&gt;\r\n {url}&lt;br /&gt;\r\n&lt;span style=&quot;font-size:12px;color:#999999;&quot;&gt;如果您无法点击此链接，请将它复制到浏览器地址栏后访问&lt;/span&gt; \r\n&lt;/p&gt;\r\n&lt;p style=&quot;font-family:arial, verdana, sans-serif;font-size:14px;&quot;&gt;\r\n 1.为了保障您账号的安全性，请在24小时内完成激活，此链接将在您激活过一次后失效！&lt;br /&gt;\r\n2.请尽快完成激活，否则链接将过期，一加将有权于2015年01月15日 00:17:12后收回账号；&lt;br /&gt;\r\n3.本邮件由一加手机官网系统自动发出，请勿直接回复！&lt;br /&gt;\r\n4.如果您有任何疑问或建议，请随时拨打一加手机客服热线：400-888-1111\r\n&lt;/p&gt;\r\n&lt;p style=&quot;font-family:arial, verdana, sans-serif;font-size:14px;&quot;&gt;\r\n 祝您使用愉快！&lt;br /&gt;\r\n{sy_webname}&lt;br /&gt;\r\nwww.imagry.cn{sy_webcopyright}\r\n&lt;/p&gt;\r\n&lt;p&gt;\r\n  &lt;br /&gt;\r\n&lt;/p&gt;\r\n&lt;p&gt;\r\n &lt;br /&gt;\r\n&lt;/p&gt;');/* MySQLReback Separation */
 /* 创建表结构 `im_faq_articles`  */
 DROP TABLE IF EXISTS `im_faq_articles`;/* MySQLReback Separation */ CREATE TABLE `im_faq_articles` (
  `id` int(11) unsigned NOT NULL AUTO_INCREMENT COMMENT '文章编号',
  `cid` int(11) NOT NULL DEFAULT '0' COMMENT '所属分类',
  `title` varchar(32) NOT NULL DEFAULT '' COMMENT '文章标题',
  `faq_content` text NOT NULL COMMENT '文章内容',
  `create_time` int(11) NOT NULL DEFAULT '0' COMMENT '创建时间',
  PRIMARY KEY (`id`)
) ENGINE=MyISAM AUTO_INCREMENT=5 DEFAULT CHARSET=utf8;/* MySQLReback Separation */
 /* 插入数据 `im_faq_articles` */
 INSERT INTO `im_faq_articles` VALUES ('2','2','你们三打哈是个怎么样的网站？','&lt;span&gt;是中国最大的网络推广服务外包平台，拥有资深的策划专家团队，经过充分分析您的企业现状，整合各种网络媒体资源，为您制定精准的个性化推广方案。&lt;br /&gt;\r\n　　以发布任务的形式实施方案，让我们旗下百万级的推手，将您的信息大量发布到互联网的每个角落。&lt;br /&gt;\r\n&lt;/span&gt;&lt;span style=&quot;color:#444444;font-family:Verdana;line-height:25px;&quot;&gt;　　&lt;/span&gt;&lt;span&gt;&lt;strong&gt;雇主&lt;/strong&gt;&lt;/span&gt;&lt;span style=&quot;color:#444444;font-family:Verdana;line-height:25px;&quot;&gt;：有网络推广需求的企事业单位或者个人；&lt;/span&gt;&lt;br /&gt;\r\n&lt;span style=&quot;color:#444444;font-family:Verdana;line-height:25px;&quot;&gt;　　&lt;/span&gt;&lt;span&gt;&lt;strong&gt;推手&lt;/strong&gt;&lt;/span&gt;&lt;span style=&quot;color:#444444;font-family:Verdana;line-height:25px;&quot;&gt;：是兼职的网络推广员，是在三打哈上为雇主完成推广任务的人群，三打哈网站上已成功注册了数十万的推手。&lt;/span&gt;&lt;br /&gt;\r\n&lt;span style=&quot;color:#444444;font-family:Verdana;line-height:25px;&quot;&gt;　　&lt;/span&gt;&lt;span&gt;&lt;strong&gt;推广任务&lt;/strong&gt;&lt;/span&gt;&lt;span style=&quot;color:#444444;font-family:Verdana;line-height:25px;&quot;&gt;：雇主根据自己的推广要求，在三打哈上面发布推广任务，推手们来完成推广任务并获得佣金。&lt;/span&gt;','1453055650'),('3','2','你们是怎么推广的？是用什么方式推广的？','&lt;span style=&quot;color:#444444;font-family:Verdana;line-height:25px;&quot;&gt;三打哈推广是以网上发帖为主的主动推广方式。也就是把您的信息大量发布到论坛、QQ群、博客、问答类网站等的地方。提供的推广方法有很多种：论坛发帖推广，QQ群推广，问答类推广、论坛顶贴、博客推广、SNS社区推广、B2B商务网站推广、友情链接、SEO网站优化、注册网赚等。&lt;/span&gt;','1453055697'),('4','3','你们的这些推广方式效果好不好？','&lt;span style=&quot;color:#444444;font-family:Verdana;line-height:25px;&quot;&gt;效果非常好，所推广的信息瞬间就可以大范围的遍布互联网的各个角落。性价比高，小投入就可以实现大推广。对那些不适合在大网站买广告位，也不适合在搜索引擎买关键字的客户，这种推广方式就特别的好。&lt;/span&gt;','1453055720');/* MySQLReback Separation */
 /* 创建表结构 `im_feedback_replies`  */
 DROP TABLE IF EXISTS `im_feedback_replies`;/* MySQLReback Separation */ CREATE TABLE `im_feedback_replies` (
  `id` int(10) unsigned NOT NULL AUTO_INCREMENT COMMENT '回复编号',
  `feedback_id` int(10) unsigned NOT NULL DEFAULT '0' COMMENT '意见ID',
  `admin_id` int(10) unsigned NOT NULL DEFAULT '0' COMMENT '回复人ID',
  `content` text NOT NULL COMMENT '回复内容',
  `reply_time` int(10) unsigned NOT NULL COMMENT '回复时间',
  `status` int(4) DEFAULT '0' COMMENT '回复的状态 0 未读 1已读',
  `reply_uid` int(11) DEFAULT NULL COMMENT '用户的uid',
  PRIMARY KEY (`id`)
) ENGINE=MyISAM AUTO_INCREMENT=10 DEFAULT CHARSET=utf8;/* MySQLReback Separation */
 /* 插入数据 `im_feedback_replies` */
 INSERT INTO `im_feedback_replies` VALUES ('8','2','1','asdfasdfadsf','1449760953','1','2'),('7','1','1','aaaaa','1449759898','1','2');/* MySQLReback Separation */
 /* 创建表结构 `im_feedbacks`  */
 DROP TABLE IF EXISTS `im_feedbacks`;/* MySQLReback Separation */ CREATE TABLE `im_feedbacks` (
  `id` int(10) unsigned NOT NULL AUTO_INCREMENT,
  `user_id` int(10) unsigned NOT NULL DEFAULT '0' COMMENT '用户ID',
  `content` text NOT NULL COMMENT '内容',
  `add_time` int(10) NOT NULL COMMENT '提交时间',
  PRIMARY KEY (`id`)
) ENGINE=MyISAM AUTO_INCREMENT=6 DEFAULT CHARSET=utf8;/* MySQLReback Separation */
 /* 插入数据 `im_feedbacks` */
 INSERT INTO `im_feedbacks` VALUES ('1','2','lalala','1449495163'),('2','2','safasdfasdf','1449495223');/* MySQLReback Separation */
 /* 创建表结构 `im_focus`  */
 DROP TABLE IF EXISTS `im_focus`;/* MySQLReback Separation */ CREATE TABLE `im_focus` (
  `id` tinyint(3) unsigned NOT NULL AUTO_INCREMENT COMMENT '焦点图id',
  `background` varchar(128) NOT NULL COMMENT '背景图片',
  `first_row` varchar(20) NOT NULL COMMENT '第一行文字',
  `first_sub` varchar(20) NOT NULL COMMENT '第一行文职转行',
  `first_color` varchar(20) NOT NULL COMMENT '文字颜色',
  `second_row` varchar(50) NOT NULL COMMENT '第二行文字',
  `second_sub` varchar(50) NOT NULL COMMENT '第二行文字转行',
  `second_color` varchar(20) NOT NULL COMMENT '文字颜色',
  `more_row` varchar(20) NOT NULL COMMENT '了解跟多文字',
  `more_color` varchar(20) NOT NULL COMMENT '文字颜色',
  `more_connect` varchar(1280) NOT NULL DEFAULT '#' COMMENT '了解更多跳转',
  `icon_one` varchar(128) NOT NULL COMMENT 'icon小图一',
  `icon_two` varchar(128) NOT NULL COMMENT 'icon小图二',
  `img` varchar(128) NOT NULL COMMENT '弹出图',
  PRIMARY KEY (`id`)
) ENGINE=InnoDB AUTO_INCREMENT=4 DEFAULT CHARSET=utf8 COMMENT='焦点图表';/* MySQLReback Separation */
 /* 插入数据 `im_focus` */
 INSERT INTO `im_focus` VALUES ('1','2015-12-28/56801bee5b4c2.jpg','焦点图第一行文字',null,'#000','焦点图第二行文字','焦点图第二行文字转行文字','#FFF','更多了解','#DE1212','http://www.baidu.com',null,null,'2015-12-28/568156bd59f4b.png'),('2','2015-12-29/56816568665a4.jpg','焦点图第一行文字','第一行文字转行','#000','焦点图第二行文字',null,'#FFF','商城在线支持','#DE1212',null,'2015-12-29/568165159e14e.png','2015-12-28/56815b0881b80.png','2015-12-29/568165159f0ee.png'),('3','2015-12-28/568157be017fa.jpg','焦点图第一行文字',null,'#000','焦点图第二行文字',null,'#FFF','了解更多','#DE1212','http://www.baidu.com',null,null,null);/* MySQLReback Separation */
 /* 创建表结构 `im_index_about`  */
 DROP TABLE IF EXISTS `im_index_about`;/* MySQLReback Separation */ CREATE TABLE `im_index_about` (
  `id` tinyint(3) unsigned NOT NULL AUTO_INCREMENT COMMENT 'id',
  `name` varchar(50) CHARACTER SET utf8mb4 NOT NULL COMMENT '宫格第一行文字',
  `img` varchar(200) NOT NULL COMMENT '宫格图片',
  `desc` varchar(50) NOT NULL COMMENT '宫格简介',
  PRIMARY KEY (`id`)
) ENGINE=InnoDB AUTO_INCREMENT=4 DEFAULT CHARSET=utf8;/* MySQLReback Separation */
 /* 插入数据 `im_index_about` */
 INSERT INTO `im_index_about` VALUES ('1','绿色出行','2015-12-29/5682acf0e6c1f.png','绿色出行享受大自然'),('2','绿色食品','2015-12-30/5682ae346637d.png','绿色食品，健康好生活'),('3','科技农业','2015-12-30/5682aeaedd9ab.png','新兴农业科技革新');/* MySQLReback Separation */
 /* 创建表结构 `im_index_album`  */
 DROP TABLE IF EXISTS `im_index_album`;/* MySQLReback Separation */ CREATE TABLE `im_index_album` (
  `id` int(10) unsigned NOT NULL AUTO_INCREMENT COMMENT '图片编号',
  `good_id` int(10) unsigned NOT NULL DEFAULT '0' COMMENT '产品ID',
  `images` varchar(128) NOT NULL DEFAULT '' COMMENT '图片地址',
  PRIMARY KEY (`id`),
  KEY `attr_id` (`good_id`)
) ENGINE=MyISAM AUTO_INCREMENT=3 DEFAULT CHARSET=utf8;/* MySQLReback Separation */
 /* 插入数据 `im_index_album` */
 INSERT INTO `im_index_album` VALUES ('1','2','/Public/Index/Goods/2016-01-07/568d4ba32594d.jpg'),('2','2','/Public/Index/Goods/2016-01-07/568d4ba335739.jpg');/* MySQLReback Separation */
 /* 创建表结构 `im_index_contact`  */
 DROP TABLE IF EXISTS `im_index_contact`;/* MySQLReback Separation */ CREATE TABLE `im_index_contact` (
  `id` int(10) unsigned NOT NULL AUTO_INCREMENT COMMENT '商品评价id',
  `name` varchar(50) NOT NULL COMMENT '联系人姓名',
  `mail` varchar(120) NOT NULL COMMENT '联系人邮箱',
  `phone` varchar(20) NOT NULL DEFAULT '0' COMMENT '联系人电话',
  `subject` varchar(50) NOT NULL COMMENT '留言摘要',
  `content` text NOT NULL COMMENT '评论类型',
  `contact_time` int(10) NOT NULL DEFAULT '0',
  `status` tinyint(4) NOT NULL DEFAULT '0' COMMENT '状态0未读1已读',
  PRIMARY KEY (`id`),
  KEY `product_id` (`name`)
) ENGINE=MyISAM AUTO_INCREMENT=13 DEFAULT CHARSET=utf8;/* MySQLReback Separation */
 /* 插入数据 `im_index_contact` */
 INSERT INTO `im_index_contact` VALUES ('1','123','123','2323','123123','232323','1453216224','1'),('5','2323','12314','34234','4234123','235235235','1453216406','0'),('6','23243','235235','4345345','435345','345345345','1453216444','0'),('7','1231','4134','32423','4365346','34512341243','1453216500','0'),('8','123143','423452','235','52345235','341234·123','1453216564','0'),('9','12312','45324523','5454','324234','345345','1453216640','0'),('10','12312','45324523','5454','324234','345345','1453216658','0'),('11','12414','414124','214124','124124','245235','1453216707','0'),('12','123123','123124','234234','4234','235235235','1453216865','0');/* MySQLReback Separation */
 /* 创建表结构 `im_index_goods`  */
 DROP TABLE IF EXISTS `im_index_goods`;/* MySQLReback Separation */ CREATE TABLE `im_index_goods` (
  `id` int(10) unsigned NOT NULL AUTO_INCREMENT COMMENT 'id',
  `pro_name` varchar(64) NOT NULL DEFAULT '' COMMENT '产品名称',
  `pro_subname` varchar(64) NOT NULL DEFAULT '' COMMENT '产品副标题',
  `click_times` int(10) unsigned NOT NULL DEFAULT '0' COMMENT '浏览次数',
  `list_image` varchar(128) NOT NULL DEFAULT '' COMMENT '列表页图片',
  `keywords` varchar(255) NOT NULL DEFAULT '' COMMENT '关键字（SEO）',
  `description` varchar(255) NOT NULL DEFAULT '' COMMENT '描述（SEO）',
  `is_show` tinyint(1) unsigned NOT NULL DEFAULT '1' COMMENT '是否显示',
  `add_time` int(11) NOT NULL DEFAULT '0' COMMENT '添加时间',
  `update_time` int(11) NOT NULL DEFAULT '0' COMMENT '修改时间',
  `status` tinyint(1) NOT NULL DEFAULT '1' COMMENT '状态0删除1正常',
  PRIMARY KEY (`id`)
) ENGINE=InnoDB AUTO_INCREMENT=3 DEFAULT CHARSET=utf8 COMMENT='商品表';/* MySQLReback Separation */
 /* 插入数据 `im_index_goods` */
 INSERT INTO `im_index_goods` VALUES ('1','12','232','1','2016-01-07/568d49b727fd1.jpg','2323','2323','1','1452100032','1452100032','1'),('2','12312','123123','10','2016-01-07/568d4b9ecd006.jpg','2323','23232','1','1452100516','1452100516','1');/* MySQLReback Separation */
 /* 创建表结构 `im_indexfocus`  */
 DROP TABLE IF EXISTS `im_indexfocus`;/* MySQLReback Separation */ CREATE TABLE `im_indexfocus` (
  `id` int(10) unsigned NOT NULL AUTO_INCREMENT COMMENT '焦点图位置id',
  `p_name` varchar(63) NOT NULL,
  `focus_width` smallint(10) NOT NULL,
  `focus_height` smallint(10) NOT NULL,
  `p_desc` varchar(255) NOT NULL,
  `status` tinyint(3) unsigned NOT NULL DEFAULT '1' COMMENT '是否显示',
  PRIMARY KEY (`id`)
) ENGINE=InnoDB AUTO_INCREMENT=4 DEFAULT CHARSET=utf8 COMMENT='首页焦点图位置表';/* MySQLReback Separation */
 /* 插入数据 `im_indexfocus` */
 INSERT INTO `im_indexfocus` VALUES ('1','焦点轮播图一','1920','1080','小图右边向上弹出','1'),('2','焦点轮播图二','1920','1080','小图右边向上弹出','1'),('3','焦点轮播图二','1920','1080','仅字母从上下降','1');/* MySQLReback Separation */
 /* 创建表结构 `im_job_applies`  */
 DROP TABLE IF EXISTS `im_job_applies`;/* MySQLReback Separation */ CREATE TABLE `im_job_applies` (
  `id` int(10) unsigned NOT NULL AUTO_INCREMENT,
  `job_name` varchar(255) NOT NULL DEFAULT '' COMMENT '职位名',
  `name` varchar(32) NOT NULL DEFAULT '' COMMENT '申请人',
  `sex` tinyint(1) NOT NULL DEFAULT '1' COMMENT '性别  1男 0 女',
  `age` int(3) unsigned NOT NULL DEFAULT '1' COMMENT '生日',
  `email` varchar(64) NOT NULL DEFAULT '' COMMENT '邮箱',
  `phone` char(15) NOT NULL DEFAULT '' COMMENT '手机',
  `school` varchar(64) NOT NULL DEFAULT '' COMMENT '毕业院校',
  `discipline` varchar(64) NOT NULL DEFAULT '' COMMENT '专业',
  `education` varchar(30) NOT NULL DEFAULT '本科' COMMENT '学历',
  `grad_date` int(10) NOT NULL DEFAULT '19700101' COMMENT '毕业日期',
  `experience` tinyint(2) NOT NULL DEFAULT '0' COMMENT '工作年限 0-99',
  `now_address` varchar(255) NOT NULL DEFAULT '' COMMENT '现居地',
  PRIMARY KEY (`id`),
  KEY `position_id` (`job_name`)
) ENGINE=MyISAM DEFAULT CHARSET=utf8;/* MySQLReback Separation */
 /* 创建表结构 `im_job_cat`  */
 DROP TABLE IF EXISTS `im_job_cat`;/* MySQLReback Separation */ CREATE TABLE `im_job_cat` (
  `id` int(10) unsigned NOT NULL AUTO_INCREMENT COMMENT '职位类别编号',
  `cat_name` varchar(32) NOT NULL DEFAULT '' COMMENT '职位类别',
  `cat_desc` varchar(255) NOT NULL DEFAULT '' COMMENT '描述',
  `is_show` tinyint(1) unsigned NOT NULL DEFAULT '1' COMMENT '默认允许显示',
  PRIMARY KEY (`id`)
) ENGINE=MyISAM AUTO_INCREMENT=2 DEFAULT CHARSET=utf8;/* MySQLReback Separation */
 /* 插入数据 `im_job_cat` */
 INSERT INTO `im_job_cat` VALUES ('1','技术开发','技术','0');/* MySQLReback Separation */
 /* 创建表结构 `im_jobs`  */
 DROP TABLE IF EXISTS `im_jobs`;/* MySQLReback Separation */ CREATE TABLE `im_jobs` (
  `id` int(10) unsigned NOT NULL AUTO_INCREMENT COMMENT '职位ID编号',
  `cat_id` int(10) unsigned NOT NULL DEFAULT '0' COMMENT '职位类别',
  `job_name` varchar(64) NOT NULL DEFAULT '' COMMENT '职位名称',
  `department` varchar(32) NOT NULL DEFAULT '' COMMENT '部门',
  `type` tinyint(1) unsigned NOT NULL DEFAULT '0' COMMENT '工作类型 0全职  1兼职 2实习',
  `address` varchar(255) NOT NULL DEFAULT '' COMMENT '工作地点',
  `number` tinyint(5) unsigned NOT NULL DEFAULT '0' COMMENT '招聘人数',
  `add_time` varchar(20) NOT NULL DEFAULT '0' COMMENT '添加时间',
  `edu` varchar(32) NOT NULL DEFAULT '' COMMENT '学历',
  `condition` text NOT NULL COMMENT '任职资格',
  `content` text NOT NULL COMMENT '工作内容',
  `is_show` tinyint(1) unsigned NOT NULL DEFAULT '1' COMMENT '默认开启 0关闭 1开启',
  PRIMARY KEY (`id`),
  KEY `cat_id` (`cat_id`)
) ENGINE=MyISAM AUTO_INCREMENT=4 DEFAULT CHARSET=utf8;/* MySQLReback Separation */
 /* 插入数据 `im_jobs` */
 INSERT INTO `im_jobs` VALUES ('1','1','php工程师','技术部','1','云南昆明','1','1453171487','本科以上','1年以上工作经验','负责php系统开发/协同开发/mvc开发','1'),('2','0','java开发师','技术部','1','云南昆明','2','1453174192','大专以上','一年以上','按照项目计划,与项目组其他成员协同工作实现开发目的','1');/* MySQLReback Separation */
 /* 创建表结构 `im_keywords`  */
 DROP TABLE IF EXISTS `im_keywords`;/* MySQLReback Separation */ CREATE TABLE `im_keywords` (
  `id` int(10) unsigned NOT NULL AUTO_INCREMENT,
  `keyword` varchar(32) NOT NULL DEFAULT '',
  `times` int(10) unsigned NOT NULL DEFAULT '1',
  PRIMARY KEY (`id`)
) ENGINE=InnoDB AUTO_INCREMENT=3 DEFAULT CHARSET=utf8;/* MySQLReback Separation */
 /* 插入数据 `im_keywords` */
 INSERT INTO `im_keywords` VALUES ('2','4G','4');/* MySQLReback Separation */
 /* 创建表结构 `im_links`  */
 DROP TABLE IF EXISTS `im_links`;/* MySQLReback Separation */ CREATE TABLE `im_links` (
  `id` int(11) NOT NULL AUTO_INCREMENT,
  `linktitle` char(50) NOT NULL,
  `link_desc` varchar(250) NOT NULL COMMENT '友情链接描述',
  `linkurl` char(255) NOT NULL,
  `picture` char(255) NOT NULL,
  `is_show` tinyint(1) NOT NULL,
  PRIMARY KEY (`id`)
) ENGINE=InnoDB AUTO_INCREMENT=5 DEFAULT CHARSET=utf8;/* MySQLReback Separation */
 /* 插入数据 `im_links` */
 INSERT INTO `im_links` VALUES ('2','百度','这是百度的友情链接，百度是一个强大的中文搜索引擎','http://www.baidu.com','2016-01-04/568959f19711c.png','1'),('3','百度2','百度二的描述，相当给力！！','http://www.baidu.com','2016-01-04/56895efeaa974.png','0'),('4','百度三','百度三啊百度三','http://www.baidu.com','2016-01-04/568a8fbee697d.png','1');/* MySQLReback Separation */
 /* 创建表结构 `im_members_rate`  */
 DROP TABLE IF EXISTS `im_members_rate`;/* MySQLReback Separation */ CREATE TABLE `im_members_rate` (
  `rate` varchar(5) NOT NULL DEFAULT '0' COMMENT '折扣率',
  `level_id` mediumint(8) unsigned NOT NULL COMMENT '级别id',
  `product_id` mediumint(8) unsigned NOT NULL COMMENT '商品id',
  KEY `product_id` (`product_id`)
) ENGINE=MyISAM DEFAULT CHARSET=utf8 COMMENT='会员折扣';/* MySQLReback Separation */
 /* 创建表结构 `im_modules`  */
 DROP TABLE IF EXISTS `im_modules`;/* MySQLReback Separation */ CREATE TABLE `im_modules` (
  `id` tinyint(3) unsigned NOT NULL AUTO_INCREMENT,
  `moduleName` varchar(20) NOT NULL DEFAULT '',
  PRIMARY KEY (`id`)
) ENGINE=InnoDB AUTO_INCREMENT=5 DEFAULT CHARSET=utf8;/* MySQLReback Separation */
 /* 插入数据 `im_modules` */
 INSERT INTO `im_modules` VALUES ('1','会员管理'),('2','后台管理'),('3','权限管理'),('4','管理员管理');/* MySQLReback Separation */
 /* 创建表结构 `im_news_cat`  */
 DROP TABLE IF EXISTS `im_news_cat`;/* MySQLReback Separation */ CREATE TABLE `im_news_cat` (
  `id` int(10) unsigned NOT NULL AUTO_INCREMENT COMMENT '分类编号',
  `cat_name` varchar(64) NOT NULL DEFAULT '' COMMENT '分类名称',
  `is_show` tinyint(1) unsigned DEFAULT '1' COMMENT '默认显示',
  PRIMARY KEY (`id`)
) ENGINE=MyISAM AUTO_INCREMENT=4 DEFAULT CHARSET=utf8;/* MySQLReback Separation */
 /* 插入数据 `im_news_cat` */
 INSERT INTO `im_news_cat` VALUES ('2','新闻分类一','1'),('3','新闻分类二','1');/* MySQLReback Separation */
 /* 创建表结构 `im_news_contents`  */
 DROP TABLE IF EXISTS `im_news_contents`;/* MySQLReback Separation */ CREATE TABLE `im_news_contents` (
  `id` int(10) unsigned NOT NULL AUTO_INCREMENT COMMENT '新闻编号id',
  `cat_id` int(10) unsigned NOT NULL DEFAULT '0' COMMENT '新闻分类ID',
  `title` varchar(255) NOT NULL DEFAULT '' COMMENT '新闻标题',
  `author` varchar(32) NOT NULL DEFAULT '' COMMENT '作者',
  `keywords` varchar(128) NOT NULL DEFAULT '' COMMENT '关键字',
  `description` varchar(255) NOT NULL DEFAULT '' COMMENT '描述',
  `create_time` int(11) NOT NULL DEFAULT '0' COMMENT '创建日期',
  `content` text NOT NULL COMMENT '内容',
  `clicktimes` int(10) unsigned NOT NULL DEFAULT '0' COMMENT '浏览次数',
  `thumbnail` varchar(128) NOT NULL DEFAULT '' COMMENT '缩略图',
  `is_show` tinyint(1) unsigned NOT NULL DEFAULT '1' COMMENT '默认显示',
  PRIMARY KEY (`id`),
  KEY `cat_id` (`cat_id`)
) ENGINE=MyISAM AUTO_INCREMENT=7 DEFAULT CHARSET=utf8;/* MySQLReback Separation */
 /* 插入数据 `im_news_contents` */
 INSERT INTO `im_news_contents` VALUES ('1','2','国务院关于2016放假时间表通知','admin','2016放假时间表','经国务院批准，现将2016年元旦、春节、清明节、劳动节、端午节、中秋节和国庆节放假调休日期的具体安排通知如下。','1449761925','&lt;p style=&quot;text-indent:2em;font-size:16px;font-family:宋体, sans-serif;background-color:#FFFFFF;&quot;&gt;\r\n	各省、自治区、直辖市人民政府，国务院各部委、各直属机构：\r\n&lt;/p&gt;\r\n&lt;p style=&quot;text-indent:2em;font-size:16px;font-family:宋体, sans-serif;background-color:#FFFFFF;&quot;&gt;\r\n	经国务院批准，现将2016年元旦、春节、清明节、劳动节、端午节、中秋节和国庆节放假调休日期的具体安排通知如下。\r\n&lt;/p&gt;\r\n&lt;p style=&quot;text-indent:2em;font-size:16px;font-family:宋体, sans-serif;background-color:#FFFFFF;&quot;&gt;\r\n	&lt;strong&gt;一、元旦：&lt;/strong&gt;1月1日放假，与周末连休。\r\n&lt;/p&gt;\r\n&lt;p style=&quot;text-indent:2em;font-size:16px;font-family:宋体, sans-serif;background-color:#FFFFFF;&quot;&gt;\r\n	&lt;strong&gt;二、春节：&lt;/strong&gt;2月7日至13日放假调休，共7天。2月6日（星期六）、2月14日（星期日）上班。\r\n&lt;/p&gt;\r\n&lt;p style=&quot;text-indent:2em;font-size:16px;font-family:宋体, sans-serif;background-color:#FFFFFF;&quot;&gt;\r\n	&lt;strong&gt;三、清明节：&lt;/strong&gt;4月4日放假，与周末连休。\r\n&lt;/p&gt;\r\n&lt;p style=&quot;text-indent:2em;font-size:16px;font-family:宋体, sans-serif;background-color:#FFFFFF;&quot;&gt;\r\n	&lt;strong&gt;四、劳动节：&lt;/strong&gt;5月1日放假，5月2日（星期一）补休。\r\n&lt;/p&gt;\r\n&lt;p style=&quot;text-indent:2em;font-size:16px;font-family:宋体, sans-serif;background-color:#FFFFFF;&quot;&gt;\r\n	&lt;strong&gt;五、端午节：&lt;/strong&gt;6月9日至11日放假调休，共3天。6月12日（星期日）上班。\r\n&lt;/p&gt;\r\n&lt;p style=&quot;text-indent:2em;font-size:16px;font-family:宋体, sans-serif;background-color:#FFFFFF;&quot;&gt;\r\n	&lt;strong&gt;六、中秋节：&lt;/strong&gt;9月15日至17日放假调休，共3天。9月18日（星期日）上班。\r\n&lt;/p&gt;\r\n&lt;p style=&quot;text-indent:2em;font-size:16px;font-family:宋体, sans-serif;background-color:#FFFFFF;&quot;&gt;\r\n	&lt;strong&gt;七、国庆节：&lt;/strong&gt;10月1日至7日放假调休，共7天。10月8日（星期六）、10月9日（星期日）上班。\r\n&lt;/p&gt;\r\n&lt;p style=&quot;text-indent:2em;font-size:16px;font-family:宋体, sans-serif;background-color:#FFFFFF;&quot;&gt;\r\n	节假日期间，各地区、各部门要妥善安排好值班和安全、保卫等工作，遇有重大突发事件，要按规定及时报告并妥善处置，确保人民群众祥和平安度过节日假期。&lt;br /&gt;\r\n&lt;span style=&quot;line-height:22px;&quot;&gt;&amp;nbsp; &amp;nbsp; &amp;nbsp; &amp;nbsp; &amp;nbsp; &amp;nbsp; &amp;nbsp; &amp;nbsp; &amp;nbsp; &amp;nbsp; &amp;nbsp; &amp;nbsp; &amp;nbsp; &amp;nbsp; &amp;nbsp; &amp;nbsp; &amp;nbsp; &amp;nbsp; &amp;nbsp; &amp;nbsp; &amp;nbsp; &amp;nbsp; &amp;nbsp; &amp;nbsp; &amp;nbsp; &amp;nbsp; &amp;nbsp; &amp;nbsp; &amp;nbsp; &amp;nbsp; &amp;nbsp; &amp;nbsp; &amp;nbsp; &amp;nbsp; &amp;nbsp; &amp;nbsp; &amp;nbsp; &amp;nbsp; &amp;nbsp; &amp;nbsp; &amp;nbsp; &amp;nbsp; &amp;nbsp; &amp;nbsp; &amp;nbsp; 国务院办公厅&lt;/span&gt; \r\n&lt;/p&gt;','16','2016-01-02/568777ed17509.jpg','1');/* MySQLReback Separation */
 /* 插入数据 `im_news_contents` */
 INSERT INTO `im_news_contents` VALUES ('5','3','黑龙江6.4级地震：三趟列车被扣停 暂无伤亡报告','滇晟新闻','黑龙江6.4级地震','中新网哈尔滨1月2日电 (记者 解培华 王栋梁)据中国地震台网正式测定，01月02日12时22分在黑龙江省牡丹江市林口县(北纬44.8度，东经129.9度)发生6.4级地震，震源深度580千米，当地官方暂未接到震后人员失踪和财产损失报告。','1451719157','&lt;p style=&quot;font-size:16px;color:#242424;font-family:\'Microsoft YaHei\';background-color:#FFFFFF;&quot;&gt;\r\n	中新网哈尔滨1月2日电 (记者 解培华 王栋梁)据中国地震台网正式测定，01月02日12时22分在黑龙江省牡丹江市林口县(北纬44.8度，东经129.9度)发生6.4级地震，震源深度580千米，当地官方暂未接到震后人员失踪和财产损失报告。\r\n&lt;/p&gt;\r\n&lt;p style=&quot;font-size:16px;color:#242424;font-family:\'Microsoft YaHei\';background-color:#FFFFFF;&quot;&gt;\r\n	　　此次发生地震的林口县位于黑龙江省东部地区，地处张广才岭、老爷岭和完达山脉交接处，隶属于牡丹江市管辖，距牡丹江市120公里，是牡丹江市与鸡西、七台河市之间的交通枢纽。\r\n&lt;/p&gt;\r\n&lt;p style=&quot;font-size:16px;color:#242424;font-family:\'Microsoft YaHei\';background-color:#FFFFFF;&quot;&gt;\r\n	　　中新社记者在地震发生后与当地多个部门分别取得了联系，截至13时30分，包括公安、消防和灾害应急办在内的多个相关部门均表示尚未接到有关地震造成的人员伤亡和财产损失的报告，牡丹江市官方随后也表示此次地震暂时未对林口县造成任何破坏。\r\n&lt;/p&gt;\r\n&lt;p style=&quot;font-size:16px;color:#242424;font-family:\'Microsoft YaHei\';background-color:#FFFFFF;&quot;&gt;\r\n	　　哈尔滨铁路局13时30分发布消息表示，为确保铁路运输安全，途径地震区域内的三趟列车已被扣停在安全地段，铁路部门正在抓紧时间进行巡视检查，确认线路设备正常后尽快开通。\r\n&lt;/p&gt;\r\n&lt;p style=&quot;font-size:16px;color:#242424;font-family:\'Microsoft YaHei\';background-color:#FFFFFF;&quot;&gt;\r\n	　　中新社记者2日13时在牡丹江市街头看到，该市目前行人秩序井然、道路交通顺畅，多个接受采访的市民均表示并没有感觉到发生了地震。\r\n&lt;/p&gt;\r\n&lt;p style=&quot;font-size:16px;color:#242424;font-family:\'Microsoft YaHei\';background-color:#FFFFFF;&quot;&gt;\r\n	　　牡丹江市地震局的相关负责人向中新社记者介绍，此次地震属于深源地震，林口县所处的位置是中国少有的深源地震带，历史上也发生过多次较大的同类地震，均未造成较大的灾害。(完)\r\n&lt;/p&gt;','5','2016-01-02/568779f5b305c.jpg','1');/* MySQLReback Separation */
 /* 插入数据 `im_news_contents` */
 INSERT INTO `im_news_contents` VALUES ('3','3','奔驰G级谍照','admin','奔驰G级','网易汽车12月31日报道 日前，有微博网友拍摄到一张北汽BJ80的实车照片，该车和奔驰G级有着极为相似的侧面和尾部造型。根据此前消息，新车有望在明年下半年推出。 ','1451640328','&lt;div id=&quot;endText&quot; class=&quot;end-text&quot; style=&quot;padding:0px 0px 20px;margin:0px 10px 0px 0px;text-align:justify;font-size:14px;&quot;&gt;\r\n	&lt;p style=&quot;text-indent:2em;&quot;&gt;\r\n		&lt;strong&gt;网易汽车12月31日报道&amp;nbsp;&lt;/strong&gt;日前，有微博网友拍摄到一张&lt;a href=&quot;http://product.auto.163.com/brand/1679.html&quot;&gt;北汽&lt;/a&gt;BJ80的实车照片，该车和&lt;a href=&quot;http://product.auto.163.com/series/1985.html#LT4001&quot;&gt;奔驰G级&lt;/a&gt;有着极为相似的侧面和尾部造型。根据此前消息，&lt;a href=&quot;http://product.auto.163.com/newcar/&quot; target=&quot;_blank&quot;&gt;新车&lt;/a&gt;有望在明年下半年推出。&lt;strong&gt;&amp;nbsp;&lt;br /&gt;\r\n&lt;/strong&gt; \r\n	&lt;/p&gt;\r\n	&lt;p class=&quot;f_center&quot; style=&quot;text-align:center;&quot;&gt;\r\n		&lt;img alt=&quot;这并不是奔驰新款G级 北汽BJ80实车曝光&quot; src=&quot;http://img4.cache.netease.com/auto/2015/12/30/201512301715119352c_550.jpg&quot; /&gt;&lt;br /&gt;\r\n北汽BJ80实拍谍照(来源微博网友)\r\n	&lt;/p&gt;\r\n	&lt;p class=&quot;f_center&quot; style=&quot;text-align:center;&quot;&gt;\r\n		&lt;img alt=&quot;这并不是奔驰新款G级 北汽BJ80实车曝光&quot; src=&quot;http://img1.cache.netease.com/auto/2015/12/30/20151230172656c7714_550.jpg&quot; /&gt;&lt;br /&gt;\r\n找不同：北汽BJ80(上)，奔驰G级(下)\r\n	&lt;/p&gt;\r\n	&lt;p style=&quot;text-indent:2em;&quot;&gt;\r\n		北汽BJ80的实车和奔驰G级的相似度十分之高，不过细看还是能找出差别：尾灯造型、门拉手位置、尾门开启方向、小窗面积等；还有哪里不同，你也来找找……\r\n	&lt;/p&gt;\r\n	&lt;p style=&quot;text-indent:2em;&quot;&gt;\r\n		&lt;b&gt;更多BJ80信息汇总：&lt;/b&gt; \r\n	&lt;/p&gt;\r\n	&lt;p style=&quot;text-indent:2em;&quot;&gt;\r\n		&lt;b&gt;1.尺寸：&lt;/b&gt;车身尺寸长宽高分别为4765mm、1890mm和2005mm，轴距2800mm；\r\n	&lt;/p&gt;\r\n	&lt;p style=&quot;text-indent:2em;&quot;&gt;\r\n		&lt;b&gt;2.动力：&lt;/b&gt;搭载2.3T涡轮增压发动机，最大功率184kW，并有望搭载具有低速扭矩放大器（2.57:1）和中央差速锁的全时四驱系统，以及后桥限滑差速器和电子差速锁（E&lt;a href=&quot;http://product.auto.163.com/brand/16658.html&quot;&gt;DS&lt;/a&gt;）。\r\n	&lt;/p&gt;\r\n	&lt;p style=&quot;text-indent:2em;&quot;&gt;\r\n		&lt;b&gt;此前曝光的BJ80谍照图集&lt;/b&gt; \r\n	&lt;/p&gt;\r\n&lt;/div&gt;\r\n&lt;div class=&quot;nph_gallery&quot; id=&quot;gallery176807&quot; style=&quot;padding:10px 0px;margin:0px;&quot;&gt;\r\n	&lt;div class=&quot;nph_bg&quot; style=&quot;padding:8px 0px;margin:0px;&quot;&gt;\r\n		&lt;div id=&quot;modePhoto176807&quot; class=&quot;nph_photo&quot; style=&quot;padding:0px;margin:0px;&quot;&gt;\r\n			&lt;div class=&quot;nph_photo_view&quot; style=&quot;padding:0px;margin:0px;text-align:center;&quot;&gt;\r\n				&lt;div class=&quot;nph_cnt&quot; id=&quot;photoView176807&quot; style=&quot;padding:0px;margin:0px;color:#252525;font-family:宋体, sans-serif;background-color:#FFFFFF;&quot;&gt;\r\n					&lt;i&gt;&lt;/i&gt;&lt;img src=&quot;http://img3.cache.netease.com/photo/0008/2015-12-31/600x450_BC5OHJGI2O3F0008.jpg&quot; id=&quot;photo176807&quot; /&gt; \r\n				&lt;/div&gt;\r\n				&lt;div class=&quot;nph_photo_prev&quot; style=&quot;padding:0px;margin:0px;color:#252525;font-family:宋体, sans-serif;background:url(http://img1.cache.netease.com/cnews/img/gallery11/bg06.png) repeat #FFFFFF;&quot;&gt;\r\n					&lt;a href=&quot;http://auto.163.com/15/1231/00/BC4FKE6O00084TUO.html#p=APMA2DTL2O3F0008&quot; class=&quot;nph_btn_pphoto&quot; id=&quot;photoPrev176807&quot; target=&quot;_self&quot;&gt;&lt;/a&gt; \r\n				&lt;/div&gt;\r\n				&lt;div class=&quot;nph_photo_next&quot; style=&quot;padding:0px;margin:0px;color:#252525;font-family:宋体, sans-serif;background:url(http://img1.cache.netease.com/cnews/img/gallery11/bg06.png) repeat #FFFFFF;&quot;&gt;\r\n				&lt;/div&gt;\r\n			&lt;/div&gt;\r\n		&lt;/div&gt;\r\n	&lt;/div&gt;\r\n&lt;/div&gt;','6','2016-01-02/5687780ad6291.jpg','1');/* MySQLReback Separation */
 /* 插入数据 `im_news_contents` */
 INSERT INTO `im_news_contents` VALUES ('6','3','泉州不少产妇设法“跨年生” 前两天医院分娩率下降','滇晟新闻','跨年生','跨过元旦0时出生的二孩不用交社会抚养费了，谁这么幸运成为享受政策的宝宝呢？昨日早报记者走访市区几家医院','1451719251','&lt;p align=&quot;center&quot; style=&quot;font-size:14px;color:#333333;font-family:宋体, Arial;&quot;&gt;\r\n	&lt;img alt=&quot;&quot; src=&quot;http://d.youth.cn/shrgch/201601/W020160102347260944918.jpg&quot; /&gt;\r\n&lt;/p&gt;\r\n&lt;p align=&quot;center&quot; style=&quot;font-size:14px;color:#333333;font-family:宋体, Arial;&quot;&gt;\r\n	　　元旦出生的“八万”让家人欣喜\r\n&lt;/p&gt;\r\n&lt;div style=&quot;margin:10px 10px 10px 0px;padding:0px;border:0px;color:#333333;font-family:宋体, Arial;&quot;&gt;\r\n&lt;/div&gt;\r\n&lt;p style=&quot;font-size:14px;color:#333333;font-family:宋体, Arial;&quot;&gt;\r\n	　　跨过元旦0时出生的二孩不用交社会抚养费了，谁这么幸运成为享受政策的宝宝呢？昨日早报记者走访市区几家医院，市区杨女士家的二宝成为福医大附属二院（以下简称二院）第一个享受政策的二宝，出生时间是昨日凌晨2时46分。而此前早报关注的为“稳”住二宝全家总动员的惠安县陈先生家的二宝，则成了180医院第一个享受政策的二宝，出生时间是昨日上午10时18分。\r\n&lt;/p&gt;\r\n&lt;p style=&quot;font-size:14px;color:#333333;font-family:宋体, Arial;&quot;&gt;\r\n	　　&lt;strong&gt;妈妈和二宝共同努力 成为医院元旦“第一宝”&lt;/strong&gt;\r\n&lt;/p&gt;\r\n&lt;p style=&quot;font-size:14px;color:#333333;font-family:宋体, Arial;&quot;&gt;\r\n	　　“生了！生了！是个女孩，重7斤整。”昨日凌晨2时46分，欢呼声从二院&lt;span id=&quot;2_nwp&quot;&gt;&lt;a id=&quot;2_nwl&quot; href=&quot;http://cpro.baidu.com/cpro/ui/uijs.php?adclass=0&amp;amp;app_id=0&amp;amp;c=news&amp;amp;cf=1001&amp;amp;ch=0&amp;amp;di=128&amp;amp;fv=18&amp;amp;is_app=0&amp;amp;jk=bb46a9e00f096995&amp;amp;k=%B2%FA%B7%BF&amp;amp;k0=%B2%FA%B7%BF&amp;amp;kdi0=0&amp;amp;luki=3&amp;amp;mcpm=0&amp;amp;n=10&amp;amp;p=baidu&amp;amp;q=70016009_cpr&amp;amp;rb=0&amp;amp;rs=1&amp;amp;seller_id=1&amp;amp;sid=9569090fe0a946bb&amp;amp;ssp2=1&amp;amp;stid=9&amp;amp;t=tpclicked3_hc&amp;amp;td=1682400&amp;amp;tu=u1682400&amp;amp;u=http%3A%2F%2Fd%2Eyouth%2Ecn%2Fshrgch%2F201601%2Ft20160102%5F7485079%2Ehtm&amp;amp;urlid=0&quot; target=&quot;_blank&quot;&gt;&lt;span style=&quot;color:#0000FF;&quot;&gt;产房&lt;/span&gt;&lt;/a&gt;&lt;/span&gt;传到站在产房外的家属群中，生下&lt;span id=&quot;3_nwp&quot;&gt;&lt;a id=&quot;3_nwl&quot; href=&quot;http://cpro.baidu.com/cpro/ui/uijs.php?adclass=0&amp;amp;app_id=0&amp;amp;c=news&amp;amp;cf=1001&amp;amp;ch=0&amp;amp;di=128&amp;amp;fv=18&amp;amp;is_app=0&amp;amp;jk=bb46a9e00f096995&amp;amp;k=%D2%BD%D4%BA&amp;amp;k0=%D2%BD%D4%BA&amp;amp;kdi0=0&amp;amp;luki=4&amp;amp;mcpm=0&amp;amp;n=10&amp;amp;p=baidu&amp;amp;q=70016009_cpr&amp;amp;rb=0&amp;amp;rs=1&amp;amp;seller_id=1&amp;amp;sid=9569090fe0a946bb&amp;amp;ssp2=1&amp;amp;stid=9&amp;amp;t=tpclicked3_hc&amp;amp;td=1682400&amp;amp;tu=u1682400&amp;amp;u=http%3A%2F%2Fd%2Eyouth%2Ecn%2Fshrgch%2F201601%2Ft20160102%5F7485079%2Ehtm&amp;amp;urlid=0&quot; target=&quot;_blank&quot;&gt;&lt;span style=&quot;color:#0000FF;&quot;&gt;医院&lt;/span&gt;&lt;/a&gt;&lt;/span&gt;第一个合法化二孩的是来自泉州市区的杨柳（化名）。“真是争气，省下十多万元啊！”一个站在产房外的家属兴奋地感叹道。\r\n&lt;/p&gt;\r\n&lt;p style=&quot;font-size:14px;color:#333333;font-family:宋体, Arial;&quot;&gt;\r\n	　　孩子的预产期原本在12月中旬。“第一胎是顺产，这一胎下午3点左右开始隐隐阵痛，我还一直担心坚持不到0点过后，没想到还真踩过线了，是孩子&lt;span id=&quot;0_nwp&quot;&gt;&lt;a id=&quot;0_nwl&quot; href=&quot;http://cpro.baidu.com/cpro/ui/uijs.php?adclass=0&amp;amp;app_id=0&amp;amp;c=news&amp;amp;cf=1001&amp;amp;ch=0&amp;amp;di=128&amp;amp;fv=18&amp;amp;is_app=0&amp;amp;jk=bb46a9e00f096995&amp;amp;k=%B6%AE%CA%C2&amp;amp;k0=%B6%AE%CA%C2&amp;amp;kdi0=0&amp;amp;luki=1&amp;amp;mcpm=0&amp;amp;n=10&amp;amp;p=baidu&amp;amp;q=70016009_cpr&amp;amp;rb=0&amp;amp;rs=1&amp;amp;seller_id=1&amp;amp;sid=9569090fe0a946bb&amp;amp;ssp2=1&amp;amp;stid=9&amp;amp;t=tpclicked3_hc&amp;amp;td=1682400&amp;amp;tu=u1682400&amp;amp;u=http%3A%2F%2Fd%2Eyouth%2Ecn%2Fshrgch%2F201601%2Ft20160102%5F7485079%2Ehtm&amp;amp;urlid=0&quot; target=&quot;_blank&quot;&gt;&lt;span style=&quot;color:#0000FF;&quot;&gt;懂事&lt;/span&gt;&lt;/a&gt;&lt;/span&gt;！”杨柳躺在产床上，尽管虚弱，却难掩兴奋的心情。原来，杨柳的第一个孩子已经12岁了，她也算是一名高龄产妇。为了让孩子跨过0时关口，&lt;span id=&quot;1_nwp&quot;&gt;&lt;a id=&quot;1_nwl&quot; href=&quot;http://cpro.baidu.com/cpro/ui/uijs.php?adclass=0&amp;amp;app_id=0&amp;amp;c=news&amp;amp;cf=1001&amp;amp;ch=0&amp;amp;di=128&amp;amp;fv=18&amp;amp;is_app=0&amp;amp;jk=bb46a9e00f096995&amp;amp;k=%B4%FD%B2%FA&amp;amp;k0=%B4%FD%B2%FA&amp;amp;kdi0=0&amp;amp;luki=2&amp;amp;mcpm=0&amp;amp;n=10&amp;amp;p=baidu&amp;amp;q=70016009_cpr&amp;amp;rb=0&amp;amp;rs=1&amp;amp;seller_id=1&amp;amp;sid=9569090fe0a946bb&amp;amp;ssp2=1&amp;amp;stid=9&amp;amp;t=tpclicked3_hc&amp;amp;td=1682400&amp;amp;tu=u1682400&amp;amp;u=http%3A%2F%2Fd%2Eyouth%2Ecn%2Fshrgch%2F201601%2Ft20160102%5F7485079%2Ehtm&amp;amp;urlid=0&quot; target=&quot;_blank&quot;&gt;&lt;span style=&quot;color:#0000FF;&quot;&gt;待产&lt;/span&gt;&lt;/a&gt;&lt;/span&gt;时她一直静静地坐着，不敢多动。在母子两人的努力下，经过9小时的挣扎，二宝在元旦2时46分报到，母子平安。\r\n&lt;/p&gt;','46','2016-01-02/56877a538e7dc.jpg','1');/* MySQLReback Separation */
 /* 创建表结构 `im_order_products`  */
 DROP TABLE IF EXISTS `im_order_products`;/* MySQLReback Separation */ CREATE TABLE `im_order_products` (
  `id` int(10) unsigned NOT NULL AUTO_INCREMENT COMMENT '商品编号',
  `order_id` int(10) unsigned NOT NULL DEFAULT '0' COMMENT '订单ID',
  `product_id` int(10) unsigned NOT NULL DEFAULT '0' COMMENT '商品ID',
  `product_price` decimal(10,2) unsigned NOT NULL DEFAULT '0.00' COMMENT '购买价格',
  `product_number` smallint(5) unsigned NOT NULL DEFAULT '0' COMMENT '购买数量',
  `product_color` varchar(32) DEFAULT NULL COMMENT '商品的属性',
  `gift_id` int(11) NOT NULL COMMENT '赠品ID',
  `promote_status` tinyint(4) NOT NULL DEFAULT '0' COMMENT '促销状态1折扣2会员3买赠4满赠5抢购6组合',
  PRIMARY KEY (`id`),
  KEY `order_id` (`order_id`)
) ENGINE=MyISAM AUTO_INCREMENT=5 DEFAULT CHARSET=utf8;/* MySQLReback Separation */
 /* 插入数据 `im_order_products` */
 INSERT INTO `im_order_products` VALUES ('1','1','66','1280.15','1','蓝色包装|规格1','0','5'),('2','2','38','3041.00','2','白色|32GB','68','4'),('3','3','69','198.00','2','小包装|甜味','0','0'),('4','4','69','80.00','1','大包装|甜味','0','5');/* MySQLReback Separation */
 /* 创建表结构 `im_orders`  */
 DROP TABLE IF EXISTS `im_orders`;/* MySQLReback Separation */ CREATE TABLE `im_orders` (
  `id` int(10) unsigned NOT NULL AUTO_INCREMENT COMMENT '订单编号',
  `user_id` int(10) NOT NULL DEFAULT '0' COMMENT '用户ID',
  `order_sn` char(20) NOT NULL DEFAULT '' COMMENT '订单号',
  `order_date` int(11) NOT NULL DEFAULT '0' COMMENT '下单时间',
  `deail_price` decimal(10,2) unsigned NOT NULL DEFAULT '0.00' COMMENT '成交金额',
  `real_price` decimal(10,2) unsigned NOT NULL DEFAULT '0.00' COMMENT '总价',
  `order_status` tinyint(1) NOT NULL DEFAULT '1' COMMENT '0 已取消 1 等待付款 2 等待发货 3 已发货 4 已完成',
  `pay_status` tinyint(1) unsigned NOT NULL DEFAULT '0' COMMENT '0未付款 1已付款',
  `pay_type` tinyint(1) unsigned NOT NULL DEFAULT '0' COMMENT '支付方式 0在线支付 1货到付款',
  `shipping_addr_id` int(5) unsigned NOT NULL DEFAULT '0' COMMENT '收货地址ID',
  `shipping_way` int(5) unsigned NOT NULL DEFAULT '0' COMMENT '物流方式ID',
  `shipping_num` char(20) NOT NULL DEFAULT '' COMMENT '物流单号',
  `send_time` int(4) NOT NULL DEFAULT '0' COMMENT '送货时间 0 工作日休息日假日均可送货 1只工作日送货,休息日或假日不送 2只休息日或假日送货 3白天没人,尽量安排其它时间送',
  `comment` varchar(100) NOT NULL COMMENT '订单备注',
  PRIMARY KEY (`id`),
  UNIQUE KEY `order_sn` (`order_sn`),
  KEY `user_id` (`user_id`)
) ENGINE=InnoDB AUTO_INCREMENT=5 DEFAULT CHARSET=utf8;/* MySQLReback Separation */
 /* 插入数据 `im_orders` */
 INSERT INTO `im_orders` VALUES ('1','2','20151215210151318','1450184511','1280.15','1290.15','0','0','0','2','1',null,'0',null),('2','2','20151215220012214','1450188012','6082.00','6092.00','1','0','0','2','1',null,'0',null),('3','2','20151216142457947','1450247097','396.00','406.00','4','0','0','8','1','112133123','0','我要发票'),('4','2','20151216143616221','1450247776','80.00','90.00','1','0','0','8','1',null,'0',null);/* MySQLReback Separation */
 /* 创建表结构 `im_policy`  */
 DROP TABLE IF EXISTS `im_policy`;/* MySQLReback Separation */ CREATE TABLE `im_policy` (
  `id` tinyint(3) unsigned NOT NULL AUTO_INCREMENT COMMENT 'id',
  `contents` text CHARACTER SET utf16 NOT NULL,
  PRIMARY KEY (`id`)
) ENGINE=InnoDB AUTO_INCREMENT=4 DEFAULT CHARSET=utf8;/* MySQLReback Separation */
 /* 插入数据 `im_policy` */
 INSERT INTO `im_policy` VALUES ('1','&lt;h4 style=&quot;font-family:\'Hiragino Sans GB\', helvetica, \'microsoft yahei\';font-weight:500;color:#333333;font-size:18px;background-color:#FAFAFA;&quot;&gt;\r\n	&lt;span style=&quot;font-family:\'Microsoft YaHei\';font-size:14px;&quot;&gt;1.	总则&lt;/span&gt;\r\n&lt;/h4&gt;\r\n&lt;span style=&quot;color:#333333;font-size:14px;line-height:20px;font-family:\'Microsoft YaHei\';background-color:#FAFAFA;&quot;&gt;1.1本网站为珠海市魅族通讯设备有限公司（以下简称“魅族”）的官方网站，本网站内容仅供用户个人非商业用途使用，所有浏览本网站的用户应仔细阅读本网站的各项声明、条款等，并遵守互联网法律法规。一旦使用本网站，包括但不限于浏览网站信息、下载网站内容、使用网站提供的第三方网站链接等，即视为用户已了解并完全同意本法律声明中的所有条款，愿意承担浏览本网站的全部风险和法律责任。&lt;/span&gt;&lt;br /&gt;\r\n&lt;span style=&quot;color:#333333;font-size:14px;line-height:20px;font-family:\'Microsoft YaHei\';background-color:#FAFAFA;&quot;&gt;1.2本法律声明的内容可能会不时更改，用户应在使用本网站时及时关注，本网站不承担通知义务。&lt;/span&gt;&lt;br /&gt;\r\n&lt;br /&gt;\r\n&lt;h4 style=&quot;font-family:\'Hiragino Sans GB\', helvetica, \'microsoft yahei\';font-weight:500;color:#333333;font-size:18px;background-color:#FAFAFA;&quot;&gt;\r\n	&lt;span style=&quot;font-family:\'Microsoft YaHei\';font-size:14px;&quot;&gt;2.	服务条款&lt;/span&gt;\r\n&lt;/h4&gt;\r\n&lt;span style=&quot;color:#333333;font-size:14px;line-height:20px;font-family:\'Microsoft YaHei\';background-color:#FAFAFA;&quot;&gt;2.1本网站所有信息和软件均按现状提供，不带有任何明示或暗示的担保或条件，包括但不限于准确性、及时性和非侵权的默示担保或保证。&lt;/span&gt;&lt;br /&gt;\r\n&lt;span style=&quot;color:#333333;font-size:14px;line-height:20px;font-family:\'Microsoft YaHei\';background-color:#FAFAFA;&quot;&gt;2.2本网站仅提供相关的网络内容服务，对于可能产生的网络资费由电信运营商收取。&lt;/span&gt;&lt;br /&gt;\r\n&lt;span style=&quot;color:#333333;font-size:14px;line-height:20px;font-family:\'Microsoft YaHei\';background-color:#FAFAFA;&quot;&gt;2.3本网站引用或链接的信息均为用户提供方便服务而设，所链接网站、网站上的内容及其描述或提供的产品与服务均不受魅族的控制，因此魅族不对任何该等网站及其上的内容、产品或服务（包括对第三方网站的进一步链接）负责，如用户选择使用该第三方网站，需承担由此带来的全部后果和风险。&lt;/span&gt;&lt;br /&gt;\r\n&lt;br /&gt;\r\n&lt;h4 style=&quot;font-family:\'Hiragino Sans GB\', helvetica, \'microsoft yahei\';font-weight:500;color:#333333;font-size:18px;background-color:#FAFAFA;&quot;&gt;\r\n	&lt;span style=&quot;font-family:\'Microsoft YaHei\';font-size:14px;&quot;&gt;3.	知识产权声明&lt;/span&gt;\r\n&lt;/h4&gt;\r\n&lt;span style=&quot;color:#333333;font-size:14px;line-height:20px;font-family:\'Microsoft YaHei\';background-color:#FAFAFA;&quot;&gt;3.1本网站上所有信息，包括但不限于本网站使用的所有商标、标识、企业名称和标志、文字、图片、音频、视频、程序的全部内容，网站布局、网页设计、网站架构及资料编辑、使用软件或程序，及其知识产权均属于魅族独立拥有或与相关内容之合法权利人共同拥有。&lt;/span&gt;&lt;br /&gt;\r\n&lt;span style=&quot;color:#333333;font-size:14px;line-height:20px;font-family:\'Microsoft YaHei\';background-color:#FAFAFA;&quot;&gt;3.2除非法律另有规定，未经魅族书面授权，对魅族拥有的版权和其他知识产权的任何内容，任何人不得擅自以任何形式复制、编辑、传播、汇编、修改、下载、模仿、抄袭、重新发布、镜像、进行还原工程、解编或反向组译，否则魅族将依法追究法律责任。&lt;/span&gt;&lt;br /&gt;\r\n&lt;span style=&quot;color:#333333;font-size:14px;line-height:20px;font-family:\'Microsoft YaHei\';background-color:#FAFAFA;&quot;&gt;3.3任何第三方在合理使用限度内转载本网站网页内容的，必须标明转载内容的出处、原作者、链接，并不得删除魅族版权标志（如有），否则魅族将保留追究其法律责任的权利。&lt;/span&gt;&lt;br /&gt;\r\n&lt;br /&gt;\r\n&lt;h4 style=&quot;font-family:\'Hiragino Sans GB\', helvetica, \'microsoft yahei\';font-weight:500;color:#333333;font-size:18px;background-color:#FAFAFA;&quot;&gt;\r\n	&lt;span style=&quot;font-family:\'Microsoft YaHei\';font-size:14px;&quot;&gt;4.	网站内容的使用&lt;/span&gt;\r\n&lt;/h4&gt;\r\n&lt;span style=&quot;color:#333333;font-size:14px;line-height:20px;font-family:\'Microsoft YaHei\';background-color:#FAFAFA;&quot;&gt;4.1本网站对用户上传的音频、影像、文字、图片等文件并无严格审查义务，用户对其上传的的任何文件需保证不侵犯第三方的任何权利，除非用户或权利人特别说明，否则用户上传资料的行为视为授权许可，即魅族对上传至本网站的文件享有永久的免费使用的权利。&lt;/span&gt;&lt;br /&gt;\r\n&lt;span style=&quot;color:#333333;font-size:14px;line-height:20px;font-family:\'Microsoft YaHei\';background-color:#FAFAFA;&quot;&gt;4.2任何单位或个人认为本网站内容可能侵犯其合法权益的，应该及时向魅族提出书面权利通知，并提供身份证明、权属证明、具体链接（URL）及详细侵权情况证明。魅族在收到上述法律文件后，将会依法尽快移除相关涉嫌侵权的内容。&lt;/span&gt;&lt;br /&gt;\r\n&lt;br /&gt;\r\n&lt;h4 style=&quot;font-family:\'Hiragino Sans GB\', helvetica, \'microsoft yahei\';font-weight:500;color:#333333;font-size:18px;background-color:#FAFAFA;&quot;&gt;\r\n	&lt;span style=&quot;font-family:\'Microsoft YaHei\';font-size:14px;&quot;&gt;5.	隐私保护&lt;/span&gt;\r\n&lt;/h4&gt;\r\n&lt;span style=&quot;color:#333333;font-size:14px;line-height:20px;font-family:\'Microsoft YaHei\';background-color:#FAFAFA;&quot;&gt;5.1本网站严格遵守中华人民共和国法律法规关于隐私权的保护，仅收集由用户在自主意愿下所填写并授权魅族所使用的资料，包括但不限于姓名、电子邮件、通信地址、用户名及密码、电话号码、手机号码。以上收集的资料可能用于寄送魅族样品、产品、赠品及相关信息，或是邀请用户参加魅族举办的线上活动、线下活动或抽奖活动等。&lt;/span&gt;&lt;br /&gt;\r\n&lt;span style=&quot;color:#333333;font-size:14px;line-height:20px;font-family:\'Microsoft YaHei\';background-color:#FAFAFA;&quot;&gt;5.2本网站除将为用户提供安全、方便的网络体验外，还将尽最大努力完善网络管理，包括但不限于使用加密工具、软件等方面的安全保障措施，以保护用户的信息安全和隐私安全。&lt;/span&gt;&lt;br /&gt;\r\n&lt;span style=&quot;color:#333333;font-size:14px;line-height:20px;font-family:\'Microsoft YaHei\';background-color:#FAFAFA;&quot;&gt;5.3 除法律法规另有规定，在未征得用户事先许可的情况下，魅族不会披露用户信息或向第三方提供。&lt;/span&gt;&lt;br /&gt;\r\n&lt;br /&gt;\r\n&lt;h4 style=&quot;font-family:\'Hiragino Sans GB\', helvetica, \'microsoft yahei\';font-weight:500;color:#333333;font-size:18px;background-color:#FAFAFA;&quot;&gt;\r\n	&lt;span style=&quot;font-family:\'Microsoft YaHei\';font-size:14px;&quot;&gt;6.	免责条款&lt;/span&gt;\r\n&lt;/h4&gt;\r\n&lt;span style=&quot;color:#333333;font-size:14px;line-height:20px;font-family:\'Microsoft YaHei\';background-color:#FAFAFA;&quot;&gt;6.1本网站对任何用户或第三方任何损失，包括但不限于数据丢失、因拷贝或下载本网站信息或资料而造成的损失概不负责，不论其是否基于保证、合同、侵权行为、不法行为，或其它任何法律理论，也不论本网站是否已事先提示出现此类损失的可能性。&lt;/span&gt;&lt;br /&gt;\r\n&lt;span style=&quot;color:#333333;font-size:14px;line-height:20px;font-family:\'Microsoft YaHei\';background-color:#FAFAFA;&quot;&gt;6.2本网站有权依照国家法律法规、规章及论坛规则、软件中心规则对用户在本网站上传和发布的资料和言论进行管理和监督，但并不对此承担任何责任。&lt;/span&gt;&lt;br /&gt;\r\n&lt;span style=&quot;color:#333333;font-size:14px;line-height:20px;font-family:\'Microsoft YaHei\';background-color:#FAFAFA;&quot;&gt;6.3因政府有权机关机构根据法律、行政法规的规定要求披露用户个人资料的，本网站将根据法律规定或为公共安全目的向政府有权机关机构提供个人资料，且无须对此承担任何责任。&lt;/span&gt;&lt;br /&gt;\r\n&lt;br /&gt;\r\n&lt;h4 style=&quot;font-family:\'Hiragino Sans GB\', helvetica, \'microsoft yahei\';font-weight:500;color:#333333;font-size:18px;background-color:#FAFAFA;&quot;&gt;\r\n	&lt;span style=&quot;font-family:\'Microsoft YaHei\';font-size:14px;&quot;&gt;7.	适用法律和管辖权&lt;/span&gt;\r\n&lt;/h4&gt;\r\n&lt;span style=&quot;color:#333333;font-size:14px;line-height:20px;font-family:\'Microsoft YaHei\';background-color:#FAFAFA;&quot;&gt;7.1因本声明或使用本网站所发生的争议适用中华人民共和国法律。&lt;/span&gt;&lt;br /&gt;\r\n&lt;span style=&quot;color:#333333;font-size:14px;line-height:20px;font-family:\'Microsoft YaHei\';background-color:#FAFAFA;&quot;&gt;7.2因本声明或使用本网站所发生的争议，应当协商解决，协商不成的，各方一致同意由魅族所在地人民法院诉讼解决。&lt;/span&gt;&lt;br /&gt;\r\n&lt;span style=&quot;color:#333333;font-size:14px;line-height:20px;font-family:\'Microsoft YaHei\';background-color:#FAFAFA;&quot;&gt;&lt;/span&gt;&lt;br /&gt;\r\n&lt;h4 style=&quot;font-family:\'Hiragino Sans GB\', helvetica, \'microsoft yahei\';font-weight:500;color:#333333;font-size:18px;background-color:#FAFAFA;&quot;&gt;\r\n	&lt;span style=&quot;font-family:\'Microsoft YaHei\';font-size:14px;&quot;&gt;8.	其他&lt;/span&gt;\r\n&lt;/h4&gt;\r\n&lt;span style=&quot;color:#333333;font-size:14px;line-height:20px;font-family:\'Microsoft YaHei\';background-color:#FAFAFA;&quot;&gt;8.1魅族虽已采取合理措施避免网页中出现计算机病毒，但信息网络上不存在绝对完善的安全措施，本网站无法对计算机病毒做绝对保证，因此请用户务必自行采取适当的安全防范措施。本网站对计算机病毒不承担任何责任。&lt;/span&gt;&lt;br /&gt;\r\n&lt;span style=&quot;color:#333333;font-size:14px;line-height:20px;font-family:\'Microsoft YaHei\';background-color:#FAFAFA;&quot;&gt;8.2在法律允许的范围内，本网站保留对本声明的解释和说明的权利。&lt;/span&gt;');/* MySQLReback Separation */
 /* 插入数据 `im_policy` */
 INSERT INTO `im_policy` VALUES ('3','&lt;h4 style=&quot;font-size:14px;color:#333333;font-family:Simsun;&quot;&gt;\r\n	&lt;p style=&quot;font-family:tahoma, simsun, arial, sans-serif;font-size:14px;vertical-align:baseline;color:#555555;background-color:#FFFFFF;&quot;&gt;\r\n		去哪儿网（www.qunar.com）所提供的各项服务和内容的所有权和运作权均归北京趣拿信息技术有限公司及其关联公司（以下简称“去哪儿”）所有。&lt;span style=&quot;font-family:inherit;font-size:inherit;font-style:inherit;font-weight:700;line-height:inherit;vertical-align:baseline;&quot;&gt;如果您在本网站、去哪儿关联公司网站或其他去哪儿提供的移动应用或软件上（以下简称“去哪儿网”），访问、预定或使用我们的产品或服务（以上统称为“服务”），便视为您接受了以下服务协议，请仔细阅读以下内容。如果您不同意以下任何内容，请立刻停止访问本网站或使用本网站服务。&lt;/span&gt;\r\n	&lt;/p&gt;\r\n	&lt;h3 style=&quot;font-family:tahoma, simsun, arial, sans-serif;font-size:14px;vertical-align:baseline;color:#555555;background-color:#FFFFFF;&quot;&gt;\r\n		一、协议总则\r\n	&lt;/h3&gt;\r\n1.本协议内容包括协议正文、去哪儿网子频道各单项服务协议及其他去哪儿已经发布的或将来可能发布的各类规则，包括但不限于&amp;nbsp;&lt;a href=&quot;http://www.qunar.com/site/zh/Privacy_6.shtml&quot; target=&quot;_blank&quot;&gt;隐私政策&lt;/a&gt;、&amp;nbsp;&lt;a href=&quot;http://www.qunar.com/site/zh/Duty_5.shtml&quot; target=&quot;_blank&quot;&gt;免责声明&lt;/a&gt;、&amp;nbsp;&lt;a href=&quot;http://www.qunar.com/site/zh/property_5.3.shtml&quot; target=&quot;_blank&quot;&gt;知识产权声明&lt;/a&gt;、&amp;nbsp;&lt;a href=&quot;http://www.qunar.com/site/zh/power_5.2.shtml&quot; target=&quot;_blank&quot;&gt;权利声明&lt;/a&gt;、&amp;nbsp;&lt;a href=&quot;http://package.qunar.com/orderPolice.jsp&quot; target=&quot;_blank&quot;&gt;旅游度假预订须知&lt;/a&gt;、&amp;nbsp;&lt;a href=&quot;http://lvtu.qunar.com/mobile_ugc/web/lthelp.htm&quot; target=&quot;_blank&quot;&gt;去哪儿旅图用户协议&lt;/a&gt;、&amp;nbsp;&lt;a href=&quot;https://pay.qunar.com/userAccount/agreement.jsp&quot; target=&quot;_blank&quot;&gt;去哪儿网个人账户协议&lt;/a&gt;等其他协议（“其他条款”）。如果本协议与“其他条款”有不一致之处，则以“其他条款”为准。除另行明确声明外，任何去哪儿提供的服务均受本协议约束。2.去哪儿如制订、修改本协议及/或各类规则向用户提供基于互联网以及移动网的相关服务的，应在本页面及其相应页面提前公布通知，您应该定期登陆本页面及其他相关页面，了解最新的协议内容。变更后的协议和规则在本页面及相关页面公布后七天，将自动生效。&lt;span style=&quot;font-family:inherit;font-size:inherit;font-style:inherit;font-weight:700;line-height:inherit;vertical-align:baseline;&quot;&gt;如您不同意相关变更，应当立即停止访问去哪儿网或使用去哪儿服务。若您在网站协议和规则变更七日后继续使用去哪儿服务的，即表示您接受已经修订的协议和规则。&lt;/span&gt;3.若您作为去哪儿的关联公司或合作公司的用户登陆去哪儿平台，访问去哪儿网站或使用去哪儿服务，即视为您同意本协议的所有条款及去哪儿公布的其他规则、说明和操作指引。\r\n	&lt;h3 style=&quot;font-family:tahoma, simsun, arial, sans-serif;font-size:14px;vertical-align:baseline;color:#555555;background-color:#FFFFFF;&quot;&gt;\r\n		二、用户权利\r\n	&lt;/h3&gt;\r\n&lt;br /&gt;\r\n在您完成注册申请手续后，意味着您已获得去哪儿账户（用户名）的使用权。您应提供及时、详尽及准确的个人资料，并不断更新注册资料，符合及时、详尽准确的要求。您应妥善保管您的账户（用户名）和密码，通过您的账户（用户名）和密码操作或实施的行为，将视为您本人的行为，由您本人承担相应的责任和后果。&lt;span style=&quot;font-family:inherit;font-size:inherit;font-style:inherit;font-weight:700;line-height:inherit;vertical-align:baseline;&quot;&gt;如果您发现他人不当使用您的账户或有任何其他可能危及您的账户安全的情形时，您应当立即以书面、有效方式通知去哪儿，要求去哪儿暂停相关服务。在此，您理解去哪儿对您的请求采取行动需要合理时间，去哪儿对在采取行动前已经产生的后果（包括但不限于您的任何损失）不承担任何责任。&lt;/span&gt;\r\n	&lt;h3 style=&quot;font-family:tahoma, simsun, arial, sans-serif;font-size:14px;vertical-align:baseline;color:#555555;background-color:#FFFFFF;&quot;&gt;\r\n		三、使用规则\r\n	&lt;/h3&gt;\r\n1.您可自行注册账号名称，编辑头像、简介等注册信息，但您承诺遵守法律法规、社会主义制度、国家利益、公民合法权益、公共秩序、社会道德风尚和信息真实性等七条底线，并遵守《互联网用户账号名称管理规定》及相关管理规定，且账号名称、头像和简介等注册信息中不得含有违法和不良信息，包括但不限于下列情形：1) 违反宪法或法律法规规定的；&lt;br /&gt;\r\n2) 危害国家安全，泄露国家秘密，颠覆国家政权，破坏国家统一的；&lt;br /&gt;\r\n3) 损害国家荣誉和利益的，损害公共利益的；&lt;br /&gt;\r\n4) 煽动民族仇恨、民族歧视，破坏民族团结的；&lt;br /&gt;\r\n5) 破坏国家宗教政策，宣扬邪教和封建迷信的；&lt;br /&gt;\r\n6) 散布谣言，扰乱社会秩序，破坏社会稳定的；&lt;br /&gt;\r\n7) 散布淫秽、色情、赌博、暴力、凶杀、恐怖或者教唆犯罪的；&lt;br /&gt;\r\n8) 侮辱或者诽谤他人，侵害他人合法权益的；&lt;br /&gt;\r\n9) 含有法律、行政法规禁止的其他内容的。&lt;br /&gt;\r\n您使用去哪儿账号，制作、发布、传播信息内容的，应当使用真实身份信息及个人资料，不得以虚假、冒用的身份信息进行注册；若您的个人资料有任何变动，应及时更新。&lt;span style=&quot;font-family:inherit;font-size:inherit;font-style:inherit;font-weight:700;line-height:inherit;vertical-align:baseline;&quot;&gt;因您以虚假信息骗取账号名称注册，或您账号头像、简介等注册信息存在违法和不良信息的，或利用去哪儿账号实施重复侵权行为的，去哪儿有权采取通知您限期改正、暂停使用、注销登记等措施。&lt;/span&gt;2.您在使用去哪儿服务时，必须遵守中华人民共和国相关法律法规的规定，您应同意将不会利用该服务进行任何违法或不正当的活动，包括但不限于下列行为:2.1上载、展示、张贴、传播或以其它方式传送含有下列内容之一的信息：&amp;nbsp;&lt;br /&gt;\r\n1) 反对宪法所确定的基本原则的；&lt;br /&gt;\r\n2) 危害国家安全，泄露国家秘密，颠覆国家政权，破坏国家统一的；&lt;br /&gt;\r\n3) 损害国家荣誉和利益的；&lt;br /&gt;\r\n4) 煽动民族仇恨、民族歧视、破坏民族团结的；&lt;br /&gt;\r\n5) 破坏国家宗教政策，宣扬邪教和封建迷信的；&lt;br /&gt;\r\n6) 散布谣言，扰乱社会秩序，破坏社会稳定的；&lt;br /&gt;\r\n7) 散布淫秽、色情、赌博、暴力、凶杀、恐怖或者教唆犯罪的；&lt;br /&gt;\r\n8) 侮辱或者诽谤他人，侵害他人合法权利的；&lt;br /&gt;\r\n9) 含有虚假、有害、胁迫、侵害他人隐私、骚扰、侵害、中伤、粗俗、猥亵、或其它道德上令人反感的内容；&lt;br /&gt;\r\n10) 含有中国法律、法规、规章、条例以及任何具有法律效力之规范所限制或禁止的其它内容的。2.2为任何非法目的而使用网络服务系统。2.3利用去哪儿网络服务从事以下活动：&lt;br /&gt;\r\n1) 未经允许，进入计算机信息网络或者使用计算机信息网络资源的； 未经允许，对计算机信息网络功能进行删除、修改或者增加的；未经允许，对进入计算机信息网络中存储、处理或者传输的数据和应用程序进行删除、修改或者增加的；故意制作、传播计算机病毒等破坏性程序的；其他危害计算机信息网络安全的行为。&lt;br /&gt;\r\n2) 对去哪儿网站上的任何数据作商业性利用，包括但不限于在未经去哪儿事先书面同意的情况下，以复制、传播等任何方式使用去哪儿网站上展示的资料。&lt;br /&gt;\r\n3) 使用任何装置、软件或例行程序等其他方式干预或试图干预去哪儿网站的正常运作或正在去哪儿网站上进行的任何交易、活动，或采取任何将导致不合理的庞大数据负载加诸去哪儿网络设备的行动。&lt;br /&gt;\r\n4) 违反诚实信用原则的不正当竞争行为，或恶意下订单或虚假交易等其他恶意扰乱去哪儿交易秩序的行为。&lt;br /&gt;\r\n5) 与网上交易无关的其他行为。3.您须对自己在使用去哪儿网络服务过程中的行为承担法律责任，包括但不限于：对受到侵害者进行赔偿，以及在去哪儿在先承担了因您的行为导致的行政处罚或侵权损害赔偿责任后，您应给予去哪儿等额的赔偿。\r\n	&lt;h3 style=&quot;font-family:tahoma, simsun, arial, sans-serif;font-size:14px;vertical-align:baseline;color:#555555;background-color:#FFFFFF;&quot;&gt;\r\n		四、服务的变更、中断或终止\r\n	&lt;/h3&gt;\r\n1.&lt;span style=&quot;font-family:inherit;font-size:inherit;font-style:inherit;font-weight:700;line-height:inherit;vertical-align:baseline;&quot;&gt;您完全理解并同意，本服务涉及到互联网及移动通讯等服务，可能会受到各个环节不稳定因素的影响。因此任何因不可抗力、计算机病毒或黑客攻击、系统不稳定、用户所在位置、用户关机、GSM网络、互联网络、通信线路等其他去哪儿无法预测或控制的原因，造成服务中断、取消或终止的风险，由此给您带来的损失去哪儿不承担赔偿责任。&lt;/span&gt;2.&lt;span style=&quot;font-family:inherit;font-size:inherit;font-style:inherit;font-weight:700;line-height:inherit;vertical-align:baseline;&quot;&gt;去哪儿需要定期或不定期地对提供网络服务的平台或相关的设备进行检修或者维护，如因此类情况而造成网络服务（包括收费网络服务）在合理时间内的中断，去哪儿无需为此承担任何责任，但去哪儿应尽可能事先进行通知。&lt;/span&gt;3.&lt;span style=&quot;font-family:inherit;font-size:inherit;font-style:inherit;font-weight:700;line-height:inherit;vertical-align:baseline;&quot;&gt;您完全理解并同意，除本服务协议另有规定外，鉴于网络服务的特殊性，去哪儿有可能变更、中断或终止部分或全部的网络服务，去哪儿无需为此承担任何责任，但去哪儿应尽可能事先进行通知，并尽可能给您预留时间以便处理相关权益。&lt;/span&gt;\r\n	&lt;h3 style=&quot;font-family:tahoma, simsun, arial, sans-serif;font-size:14px;vertical-align:baseline;color:#555555;background-color:#FFFFFF;&quot;&gt;\r\n		五、知识产权和其他合法权益\r\n	&lt;/h3&gt;\r\n1.知识产权权属&lt;br /&gt;\r\n&lt;span style=&quot;font-family:inherit;font-size:inherit;font-style:inherit;font-weight:700;line-height:inherit;vertical-align:baseline;&quot;&gt;对于您通过去哪儿网或其他去哪儿移动终端而上传的任何在公开区域可获取的并受著作权保护的内容，用户应对该等内容的真实性、合法性负责，保证对该等内容拥有完整的、无瑕疵的所有权和知识产权或拥有完整的授权，并不存在任何侵犯第三方合法权益的情形，包括但不限于著作权、肖像权、商标权、专利权、企业名称权、商号权、商业秘密、个人隐私、合同权利等权利。所有因用户非法上传内容而给任何第三方或去哪儿造成的损害均由用户个人承担全部的责任，去哪儿不承担任何责任，且去哪儿有义务配合第三方、司法机关或行政机关完成相关的取证，并根据法律、主管部门或司法部门的要求将用户注册信息给予披露。&lt;br /&gt;\r\n对于您通过互联网或移动终端等设备访问去哪儿及其关联公司网站时发表的任何形式的文字、图片等知识产权信息，您在此授权并同意将其著作财产权，包括并不限于：复制权、发行权、出租权、展览权、表演权、放映权、广播权、信息网络传播权、摄制权、改编权、翻译权、汇编权等，以及应当由著作权人享有的其他可授权权利，免费、永久、不可撤销、非独家地授权去哪儿享有，并允许去哪儿再授权，许可去哪儿有权利就任何主体侵权而单独提起诉讼，并获得赔偿。本协议已经构成《著作权法》第二十五条所规定的书面协议，其效力及于用户通过互联网或移动终端等设备访问去哪儿发布的任何受著作权法保护的作品内容，无论该内容形成于本协议签订前还是本协议签订后。对于您提供的其他资料及数据信息，您授予去哪儿及其关联公司全球通用的、永久的、免费的许可使用权利 (并有权在多个层面对该权利进行再授权)。此外，去哪儿及其关联公司有权(全部或部份地) 使用、复制、修订、改写、发布、翻译、分发、执行和展示您的全部资料数据（包括但不限于交易行为数据及全部展示于去哪儿平台的各类信息）或制作其派生作品，并以现在已知或日后开发的任何形式、媒体或技术，将上述信息纳入去哪儿作品内。&lt;/span&gt;&lt;br /&gt;\r\n用户浏览、复制、打印和传播去哪儿其他用户上传到去哪儿网站的内容，应保证仅用于个人欣赏之目的，不得用于商业目的，不得侵犯权利人的合法权益以及去哪儿的合法权益和商业利益。任何用户违反此条规定的，去哪儿均有权以自身名义利用法律手段寻求权利救济或据本协议追究您的违约责任。&lt;br /&gt;\r\n2.去哪儿专属权利2.1除明显归属于合作伙伴、第三方所有的信息资料外，去哪儿拥有网络服务内所有内容，包括但不限于文字、图片、图形、表格、动画、程序、软件等单独或组合的版权。任何被授权的浏览、复制、打印和传播属于本网站内的内容必须符合以下条件：&lt;br /&gt;\r\n1) 所有的资料和图象均以获得信息为目的；&lt;br /&gt;\r\n2) 所有的资料和图象均不得用于商业目的；&lt;br /&gt;\r\n3) 所有的资料、图象及其任何部分都必须包括此版权声明。&lt;br /&gt;\r\n未经去哪儿许可，任何人不得擅自，包括但不限于以非法的方式复制、传播、展示、镜像、上载、下载使用。否则，去哪儿将依法追究法律责任。&lt;br /&gt;\r\n2.2去哪儿为提供网络服务而自行开发的软件，包括不限于无线客户端应用等，拥有完整的知识产权。去哪儿在此授予您个人非独家、不可转让、可撤销的，并通过在一部拥有所有权或使用权的手机或计算机上使用去哪儿软件的权利，且该使用仅限于个人非商业性使用之合法目的。&lt;br /&gt;\r\n去哪儿有权对该等软件进行时不时的修订、扩展、升级等更新措施，而无需提前通知用户，但您有权选择是否使用更新后的软件&lt;br /&gt;\r\n您应当保证合法使用该等软件，任何用户不得对该等软件进行如下违法行为：&lt;br /&gt;\r\n1) 开展反向工程、反向编译或反汇编，或以其他方式发现其原始编码，以及实施任何涉嫌侵害著作权等其他知识产权的行为；&lt;br /&gt;\r\n2) 以出租、租赁、销售、转授权、分配或其他任何方式向第三方转让该等软件或利用该等软件为任何第三方提供相似服务；&lt;br /&gt;\r\n3) 任何复制该等软件的行为；&lt;br /&gt;\r\n4) 以移除、规避、破坏、损害或其他任何方式干扰该等软件的安全功能；&lt;br /&gt;\r\n5) 以不正当手段取消该等软件上权利声明或权利通知的；&lt;br /&gt;\r\n6) 其他违反法律规定的行为。&lt;br /&gt;\r\n2.3“去哪儿”、“去哪儿网”、“qunar”、“qunar.com”和去哪儿网络服务LOGO等为去哪儿的注册商标，受法律的保护。任何用户不得侵犯去哪儿的注册商标权。\r\n	&lt;h3 style=&quot;font-family:tahoma, simsun, arial, sans-serif;font-size:14px;vertical-align:baseline;color:#555555;background-color:#FFFFFF;&quot;&gt;\r\n		六、其他\r\n	&lt;/h3&gt;\r\n1.&lt;span style=&quot;font-family:inherit;font-size:inherit;font-style:inherit;font-weight:700;line-height:inherit;vertical-align:baseline;&quot;&gt;本协议的订立、执行和解释及争议的解决均应适用中华人民共和国法律。&lt;/span&gt;2.&lt;span style=&quot;font-family:inherit;font-size:inherit;font-style:inherit;font-weight:700;line-height:inherit;vertical-align:baseline;&quot;&gt;如双方就本协议内容或其执行发生任何争议，双方应尽量友好协商解决；协商不成时，任何一方均可向北京趣拿信息技术有限公司所在地的人民法院提起诉讼。&lt;/span&gt;3.去哪儿未行使或执行本服务协议任何权利或规定，不构成对前述权利或权利之放弃。4.如本协议中的任何条款无论因何种原因完全或部分无效或不具有执行力，本协议的其余条款仍应有效并且有约束力。\r\n&lt;/h4&gt;\r\n&lt;span style=&quot;color:#333333;font-family:Simsun;line-height:20px;&quot;&gt;&lt;/span&gt;');/* MySQLReback Separation */
 /* 创建表结构 `im_product`  */
 DROP TABLE IF EXISTS `im_product`;/* MySQLReback Separation */ CREATE TABLE `im_product` (
  `id` int(10) unsigned NOT NULL AUTO_INCREMENT COMMENT 'id',
  `cat_id` tinyint(5) unsigned NOT NULL DEFAULT '0' COMMENT '类别编号',
  `pro_sn` varchar(32) NOT NULL DEFAULT '0' COMMENT '产品序列号',
  `pro_name` varchar(64) NOT NULL DEFAULT '' COMMENT '产品名称',
  `pro_subname` varchar(64) NOT NULL DEFAULT '' COMMENT '产品副标题',
  `market_price` decimal(10,2) unsigned NOT NULL DEFAULT '0.00' COMMENT '市场价',
  `promote_price` decimal(10,2) unsigned NOT NULL DEFAULT '0.00' COMMENT '促销价',
  `unit` varchar(5) NOT NULL DEFAULT '单位' COMMENT '商品单位',
  `unit_weight` tinyint(5) unsigned NOT NULL DEFAULT '0' COMMENT '单位重量',
  `weight_unit` varchar(2) NOT NULL DEFAULT '克' COMMENT '重量单位',
  `click_times` int(10) unsigned NOT NULL DEFAULT '0' COMMENT '浏览次数',
  `list_image` varchar(128) NOT NULL DEFAULT '' COMMENT '列表页图片',
  `keywords` varchar(255) NOT NULL DEFAULT '' COMMENT '关键字（SEO）',
  `description` varchar(255) NOT NULL DEFAULT '' COMMENT '描述（SEO）',
  `feacher` text NOT NULL,
  `is_new` tinyint(1) unsigned NOT NULL DEFAULT '0' COMMENT '默认0  是否新品',
  `is_promote` tinyint(1) unsigned NOT NULL DEFAULT '0' COMMENT '默认0  是否促销',
  `is_on_sale` tinyint(1) unsigned NOT NULL DEFAULT '1' COMMENT '默认1  是否下架',
  `is_ship` tinyint(3) unsigned NOT NULL DEFAULT '0' COMMENT '包邮',
  `add_time` int(11) NOT NULL DEFAULT '0' COMMENT '添加时间',
  `update_time` int(11) NOT NULL DEFAULT '0' COMMENT '修改时间',
  `recycle` tinyint(1) NOT NULL DEFAULT '0',
  `shop_id` tinyint(11) NOT NULL DEFAULT '0' COMMENT '商铺ID',
  PRIMARY KEY (`id`),
  KEY `cat_id` (`cat_id`)
) ENGINE=InnoDB AUTO_INCREMENT=2 DEFAULT CHARSET=utf8 COMMENT='商品表';/* MySQLReback Separation */
 /* 插入数据 `im_product` */
 INSERT INTO `im_product` VALUES ('1','36','1111','商品一','副标题','12.00','10.00','盒','100','千克','14','2015-12-21/56780f924f205.jpg','关键字','描述','<img src=\"/Public/Product/feacher/image/20151221/20151221154243_57018.jpg\" alt=\"\" />','1','0','1','0','1450708965','1450708965','0','1');/* MySQLReback Separation */
 /* 创建表结构 `im_product_album`  */
 DROP TABLE IF EXISTS `im_product_album`;/* MySQLReback Separation */ CREATE TABLE `im_product_album` (
  `id` int(10) unsigned NOT NULL AUTO_INCREMENT COMMENT '图片编号',
  `attr_id` int(10) unsigned NOT NULL DEFAULT '0' COMMENT '关联产品颜色',
  `images` varchar(128) NOT NULL DEFAULT '' COMMENT '图片地址',
  PRIMARY KEY (`id`),
  KEY `attr_id` (`attr_id`)
) ENGINE=MyISAM AUTO_INCREMENT=4 DEFAULT CHARSET=utf8;/* MySQLReback Separation */
 /* 插入数据 `im_product_album` */
 INSERT INTO `im_product_album` VALUES ('1','2','/Public/Product/adv/Goods/2015-12-21/56780fc65a59e.jpg'),('2','2','/Public/Product/adv/Goods/2015-12-21/56780fc665d39.jpg'),('3','2','/Public/Product/adv/Goods/2015-12-21/56780fc6799a6.jpg');/* MySQLReback Separation */
 /* 创建表结构 `im_product_cat`  */
 DROP TABLE IF EXISTS `im_product_cat`;/* MySQLReback Separation */ CREATE TABLE `im_product_cat` (
  `id` smallint(5) unsigned NOT NULL AUTO_INCREMENT COMMENT '分类编号',
  `fid` smallint(5) unsigned NOT NULL DEFAULT '0' COMMENT '分类父ID',
  `cat_name` varchar(32) NOT NULL DEFAULT '' COMMENT '分类名称（平板，手机，穿戴，配件，赠品，促销，）',
  `nav_pic` varchar(100) NOT NULL COMMENT '导航菜单图',
  `sort` tinyint(3) NOT NULL DEFAULT '0' COMMENT '排序',
  `is_show` tinyint(1) NOT NULL DEFAULT '1' COMMENT '是否显示',
  PRIMARY KEY (`id`)
) ENGINE=MyISAM AUTO_INCREMENT=37 DEFAULT CHARSET=utf8;/* MySQLReback Separation */
 /* 插入数据 `im_product_cat` */
 INSERT INTO `im_product_cat` VALUES ('36','35','子分类一',null,'0','1'),('35','0','分类二','2015-12-21/56780e8bb470a.png','2','1'),('34','0','分类一','2015-12-21/56780bd4aafa9.png','1','1');/* MySQLReback Separation */
 /* 创建表结构 `im_product_comment_replies`  */
 DROP TABLE IF EXISTS `im_product_comment_replies`;/* MySQLReback Separation */ CREATE TABLE `im_product_comment_replies` (
  `id` int(10) unsigned NOT NULL AUTO_INCREMENT COMMENT '回复编号',
  `comment_id` int(10) unsigned NOT NULL DEFAULT '0' COMMENT '评论ID',
  `admin_user_id` int(10) NOT NULL DEFAULT '0' COMMENT '回复人员ID',
  `reply_time` int(11) NOT NULL DEFAULT '0',
  `content` text NOT NULL COMMENT '回复内容',
  PRIMARY KEY (`id`),
  KEY `comment_id` (`comment_id`)
) ENGINE=MyISAM DEFAULT CHARSET=utf8;/* MySQLReback Separation */
 /* 创建表结构 `im_product_comments`  */
 DROP TABLE IF EXISTS `im_product_comments`;/* MySQLReback Separation */ CREATE TABLE `im_product_comments` (
  `id` int(10) unsigned NOT NULL AUTO_INCREMENT COMMENT '商品评价id',
  `product_id` int(10) unsigned NOT NULL DEFAULT '0' COMMENT '商品ID',
  `user_id` int(10) unsigned NOT NULL DEFAULT '0',
  `score` tinyint(1) NOT NULL DEFAULT '5' COMMENT '星级1-5',
  `content` text NOT NULL COMMENT '评论类型',
  `comment_time` int(11) NOT NULL DEFAULT '0',
  PRIMARY KEY (`id`),
  KEY `product_id` (`product_id`)
) ENGINE=MyISAM DEFAULT CHARSET=utf8;/* MySQLReback Separation */
 /* 创建表结构 `im_product_param`  */
 DROP TABLE IF EXISTS `im_product_param`;/* MySQLReback Separation */ CREATE TABLE `im_product_param` (
  `id` int(10) unsigned NOT NULL AUTO_INCREMENT,
  `pro_id` int(10) unsigned NOT NULL DEFAULT '0',
  `param_title` varchar(32) NOT NULL DEFAULT '',
  `param_content` text NOT NULL,
  PRIMARY KEY (`id`)
) ENGINE=InnoDB DEFAULT CHARSET=utf8;/* MySQLReback Separation */
 /* 创建表结构 `im_product_properties`  */
 DROP TABLE IF EXISTS `im_product_properties`;/* MySQLReback Separation */ CREATE TABLE `im_product_properties` (
  `id` int(10) unsigned NOT NULL AUTO_INCREMENT COMMENT '属性编号',
  `prop_name` varchar(32) NOT NULL DEFAULT '' COMMENT '属性分类',
  PRIMARY KEY (`id`)
) ENGINE=MyISAM AUTO_INCREMENT=4 DEFAULT CHARSET=utf8;/* MySQLReback Separation */
 /* 插入数据 `im_product_properties` */
 INSERT INTO `im_product_properties` VALUES ('1','颜色包装'),('2','规格'),('3','赠品');/* MySQLReback Separation */
 /* 创建表结构 `im_productnum`  */
 DROP TABLE IF EXISTS `im_productnum`;/* MySQLReback Separation */ CREATE TABLE `im_productnum` (
  `product_id` mediumint(8) unsigned NOT NULL COMMENT '商品id',
  `product_number` int(10) unsigned NOT NULL COMMENT '商品数量',
  `product_attr` varchar(150) NOT NULL DEFAULT '' COMMENT '货品的属性,商品属性表中的ID，如果有多个就升序排列',
  KEY `product_id` (`product_id`)
) ENGINE=MyISAM DEFAULT CHARSET=utf8 COMMENT='商品库存';/* MySQLReback Separation */
 /* 创建表结构 `im_products_attr`  */
 DROP TABLE IF EXISTS `im_products_attr`;/* MySQLReback Separation */ CREATE TABLE `im_products_attr` (
  `id` int(10) unsigned NOT NULL AUTO_INCREMENT COMMENT '属性编号',
  `pro_id` int(10) unsigned NOT NULL DEFAULT '0' COMMENT '关联商品ID',
  `prop_id` int(10) NOT NULL DEFAULT '0' COMMENT '关联属性ID',
  `prop_name` varchar(64) NOT NULL DEFAULT '' COMMENT '属性值',
  `prop_value` varchar(64) NOT NULL DEFAULT '',
  `prop_price` decimal(10,2) unsigned NOT NULL DEFAULT '0.00',
  `prop_weight` smallint(5) unsigned NOT NULL DEFAULT '0',
  PRIMARY KEY (`id`),
  KEY `pro_id` (`pro_id`)
) ENGINE=MyISAM AUTO_INCREMENT=3 DEFAULT CHARSET=utf8;/* MySQLReback Separation */
 /* 插入数据 `im_products_attr` */
 INSERT INTO `im_products_attr` VALUES ('1','1','2','规格一',null,'12.00','12'),('2','1','1','大包装','#F70000','12.00','12');/* MySQLReback Separation */
 /* 创建表结构 `im_promote`  */
 DROP TABLE IF EXISTS `im_promote`;/* MySQLReback Separation */ CREATE TABLE `im_promote` (
  `id` mediumint(8) unsigned NOT NULL AUTO_INCREMENT COMMENT 'id',
  `product_id` mediumint(8) unsigned NOT NULL COMMENT '商品id',
  `status` tinyint(4) NOT NULL DEFAULT '0' COMMENT '促销状态1折扣2会员折扣3买赠4满赠5团购6组合',
  `rate` varchar(5) NOT NULL DEFAULT '0' COMMENT '折扣率',
  `promote_num` tinyint(4) NOT NULL DEFAULT '0' COMMENT '促销数量',
  `condition` tinyint(4) NOT NULL DEFAULT '0' COMMENT '满赠条件',
  `gifts` varchar(20) NOT NULL DEFAULT '0' COMMENT '赠品id',
  `start_time` int(10) NOT NULL DEFAULT '0' COMMENT '促销开始时间',
  `end_time` int(10) NOT NULL DEFAULT '0' COMMENT '促销结束时间',
  `combs` varchar(20) NOT NULL DEFAULT '0' COMMENT '组合id',
  PRIMARY KEY (`id`),
  KEY `product_id` (`product_id`)
) ENGINE=InnoDB DEFAULT CHARSET=utf8 COMMENT='促销表';/* MySQLReback Separation */
 /* 创建表结构 `im_sale_service`  */
 DROP TABLE IF EXISTS `im_sale_service`;/* MySQLReback Separation */ CREATE TABLE `im_sale_service` (
  `id` int(11) NOT NULL AUTO_INCREMENT,
  `pro_id` int(11) NOT NULL DEFAULT '0' COMMENT '商品id',
  `service_type` int(11) DEFAULT NULL COMMENT '服务类型  2 退货 3 换货 1 维修',
  `applynum` int(11) NOT NULL DEFAULT '0' COMMENT '提交的数量',
  `description` text COMMENT '问题的描述',
  `images` varchar(32) NOT NULL DEFAULT '' COMMENT '图片信息',
  `return_way` int(4) DEFAULT NULL COMMENT '商品的返回方式',
  `province` varchar(32) NOT NULL DEFAULT '' COMMENT '省',
  `city` varchar(32) NOT NULL DEFAULT '' COMMENT '市',
  `area` varchar(32) NOT NULL DEFAULT '' COMMENT '县',
  `street` varchar(32) NOT NULL DEFAULT '' COMMENT '街道',
  `contact` varchar(32) NOT NULL DEFAULT '' COMMENT '联系人',
  `phone` varchar(32) NOT NULL DEFAULT '0' COMMENT '手机号码',
  `apply_time` int(11) NOT NULL DEFAULT '0' COMMENT '申请时间',
  `order_id` int(11) NOT NULL DEFAULT '0' COMMENT '订单id',
  `service_sn` varchar(32) DEFAULT NULL COMMENT '服务编号',
  `service_status` int(4) NOT NULL DEFAULT '0' COMMENT '处理状态 1同意申请  2处理 3已完成 4 已取消',
  `user_id` int(11) DEFAULT NULL COMMENT '用户id',
  PRIMARY KEY (`id`)
) ENGINE=MyISAM DEFAULT CHARSET=utf8;/* MySQLReback Separation */
 /* 创建表结构 `im_seo`  */
 DROP TABLE IF EXISTS `im_seo`;/* MySQLReback Separation */ CREATE TABLE `im_seo` (
  `id` int(11) NOT NULL AUTO_INCREMENT,
  `seoname` varchar(100) DEFAULT NULL,
  `ident` varchar(100) DEFAULT NULL,
  `title` varchar(100) DEFAULT NULL,
  `keywords` varchar(255) DEFAULT NULL,
  `description` text,
  `time` int(11) DEFAULT NULL,
  `affiliation` varchar(100) DEFAULT NULL,
  PRIMARY KEY (`id`)
) ENGINE=MyISAM AUTO_INCREMENT=7 DEFAULT CHARSET=gbk;/* MySQLReback Separation */
 /* 插入数据 `im_seo` */
 INSERT INTO `im_seo` VALUES ('1','首页','index','首页','智能手机,拍照手机,努比亚手机,nubia Z7,nubia Z7 Max,nubia Z7 mini,nubia X6','作为全球高端智能手机提供商，努比亚官网为您提供nubia Z7, nubia Z7 Max, nubia Z7 mini, nubia X6等产品介绍及在线购买','1357630306','0,4,13'),('2','商品页','productlist','商品页','商品页','商品页商品页商品页','1448168321',null);/* MySQLReback Separation */
 /* 创建表结构 `im_service_details`  */
 DROP TABLE IF EXISTS `im_service_details`;/* MySQLReback Separation */ CREATE TABLE `im_service_details` (
  `id` int(11) NOT NULL AUTO_INCREMENT,
  `service_id` char(24) DEFAULT NULL COMMENT '服务id',
  `message` text COMMENT '处理信息',
  `time` varchar(32) DEFAULT NULL COMMENT '处理时间',
  `operator` varchar(32) DEFAULT NULL COMMENT '操作人',
  PRIMARY KEY (`id`)
) ENGINE=MyISAM AUTO_INCREMENT=8 DEFAULT CHARSET=utf8;/* MySQLReback Separation */
 /* 插入数据 `im_service_details` */
 INSERT INTO `im_service_details` VALUES ('1','1','服务单已由yumiazusa取消','1449584967','yumiazusa'),('2','2','申请通过，请等待受理','1449585575','系统'),('3','2','受理成功，请将商品返回','1449585579','系统'),('4','2','服务完成','1449585581','系统'),('5','12','申请通过，请等待受理','1450247455','系统'),('6','12','受理成功，请将商品返回','1450247474','系统'),('7','12','服务完成','1450247482','系统');/* MySQLReback Separation */
 /* 创建表结构 `im_shipping_company`  */
 DROP TABLE IF EXISTS `im_shipping_company`;/* MySQLReback Separation */ CREATE TABLE `im_shipping_company` (
  `id` int(10) unsigned NOT NULL AUTO_INCREMENT,
  `com` varchar(32) NOT NULL DEFAULT '',
  `cname` varchar(64) NOT NULL DEFAULT '',
  PRIMARY KEY (`id`)
) ENGINE=InnoDB AUTO_INCREMENT=15 DEFAULT CHARSET=utf8;/* MySQLReback Separation */
 /* 插入数据 `im_shipping_company` */
 INSERT INTO `im_shipping_company` VALUES ('1','yuantong','圆通快递'),('2','shentong','申通快递'),('3','zhongtong','中通快递'),('4','shunfeng','顺丰快递'),('5','yunda','韵达快递'),('6','EMS','邮政EMS'),('7','youzheng','邮政包裹'),('8','tiantian','天天快递'),('9','huitong','百世汇通'),('10','quanyi','全一快递'),('11','debang','德邦物流'),('12','guotong','国通快递'),('13','quanfeng','全峰快递'),('14','zhaijisong','宅急送');/* MySQLReback Separation */
 /* 创建表结构 `im_shippings`  */
 DROP TABLE IF EXISTS `im_shippings`;/* MySQLReback Separation */ CREATE TABLE `im_shippings` (
  `id` tinyint(3) unsigned NOT NULL AUTO_INCREMENT COMMENT '物流方式编号',
  `sid` int(10) NOT NULL DEFAULT '0',
  `shipping_desc` varchar(255) NOT NULL DEFAULT '' COMMENT '描述',
  `is_default` tinyint(1) unsigned NOT NULL DEFAULT '0' COMMENT '是否默认',
  PRIMARY KEY (`id`)
) ENGINE=MyISAM AUTO_INCREMENT=3 DEFAULT CHARSET=utf8;/* MySQLReback Separation */
 /* 插入数据 `im_shippings` */
 INSERT INTO `im_shippings` VALUES ('1','1','圆通就是快','1'),('2','2','申通申通，一路顺风','0');/* MySQLReback Separation */
 /* 创建表结构 `im_sms_templates`  */
 DROP TABLE IF EXISTS `im_sms_templates`;/* MySQLReback Separation */ CREATE TABLE `im_sms_templates` (
  `id` int(10) unsigned NOT NULL AUTO_INCREMENT,
  `tmp_no` char(10) NOT NULL DEFAULT '',
  `tmp_title` varchar(64) NOT NULL DEFAULT '',
  `tmp_content` varchar(255) NOT NULL,
  `is_default` tinyint(1) NOT NULL DEFAULT '0',
  PRIMARY KEY (`id`)
) ENGINE=InnoDB AUTO_INCREMENT=2 DEFAULT CHARSET=utf8;/* MySQLReback Separation */
 /* 插入数据 `im_sms_templates` */
 INSERT INTO `im_sms_templates` VALUES ('1','2581','新用户注册','【Imagery商城】欢迎注册，验证码为：{1}，此验证码有效时间为{2}分钟','0');/* MySQLReback Separation */
 /* 创建表结构 `im_support_article_cat`  */
 DROP TABLE IF EXISTS `im_support_article_cat`;/* MySQLReback Separation */ CREATE TABLE `im_support_article_cat` (
  `id` int(10) unsigned NOT NULL AUTO_INCREMENT COMMENT '分类编号',
  `cat_name` varchar(64) NOT NULL DEFAULT '' COMMENT '分类名称',
  `sort` tinyint(3) NOT NULL DEFAULT '0' COMMENT '排序',
  `cat_desc` varchar(255) NOT NULL DEFAULT '' COMMENT '分类描述',
  `is_show` tinyint(1) NOT NULL DEFAULT '1' COMMENT '默认显示',
  PRIMARY KEY (`id`)
) ENGINE=MyISAM AUTO_INCREMENT=3 DEFAULT CHARSET=utf8;/* MySQLReback Separation */
 /* 插入数据 `im_support_article_cat` */
 INSERT INTO `im_support_article_cat` VALUES ('1','分类一','127','123123123','1'),('2','分类二','0','                          124124124                        ','1');/* MySQLReback Separation */
 /* 创建表结构 `im_support_article_detail`  */
 DROP TABLE IF EXISTS `im_support_article_detail`;/* MySQLReback Separation */ CREATE TABLE `im_support_article_detail` (
  `id` int(10) unsigned NOT NULL AUTO_INCREMENT COMMENT '文章编号',
  `cat_id` int(10) unsigned NOT NULL DEFAULT '0' COMMENT '分类ID',
  `title` varchar(255) NOT NULL DEFAULT '' COMMENT '新闻标题',
  `keywords` varchar(128) NOT NULL DEFAULT '' COMMENT '关键字',
  `description` varchar(255) NOT NULL DEFAULT '' COMMENT '描述',
  `create_time` int(11) NOT NULL DEFAULT '0' COMMENT '创建日期',
  `content` text NOT NULL COMMENT '内容',
  `clicktimes` int(10) NOT NULL DEFAULT '0' COMMENT '浏览次数',
  `is_show` tinyint(1) NOT NULL DEFAULT '1' COMMENT '默认显示',
  PRIMARY KEY (`id`),
  KEY `cat_id` (`cat_id`)
) ENGINE=MyISAM AUTO_INCREMENT=7 DEFAULT CHARSET=utf8;/* MySQLReback Separation */
 /* 插入数据 `im_support_article_detail` */
 INSERT INTO `im_support_article_detail` VALUES ('5','1','服务政策一','服务政策一','服务政策一','1453055345','&lt;p align=&quot;center&quot; style=&quot;font-family:Verdana, Arial, 宋体;background-color:#EDEDFC;&quot;&gt;\r\n	&lt;span&gt;版权&lt;/span&gt;\r\n&lt;/p&gt;\r\n&lt;p style=&quot;font-family:Verdana, Arial, 宋体;background-color:#EDEDFC;&quot;&gt;\r\n	&amp;nbsp;&amp;nbsp;&amp;nbsp;&amp;nbsp;&amp;nbsp;本网站包含之所有内容：文本、图形、LOGO、创意、及软件等之所有权归属呼和浩特中国北方旅游网及本网站的内容/信息提供者，受中国及国际版权法的保护。对本网站上所有内容之复制（意指收集、组合和重新组合），本网站享有排他权并受中国及国际版权法的保护。本网站使用的所有软件的所有权归属于呼和浩特中国北方旅游网或它的软件供应商并受中国及国际版权法的保护。本网站的特有信息经网站许可方能转载，并需标明出处。\r\n&lt;/p&gt;','0','1'),('6','2','服务政策二','服务政策二','服务政策二','1453055412','&lt;h3 class=&quot;special&quot; style=&quot;font-family:arial;font-size:16px;color:#195A95;background-color:#FFFFFF;&quot;&gt;\r\n	&amp;nbsp; &amp;nbsp; &amp;nbsp; &amp;nbsp; &amp;nbsp; &amp;nbsp; &amp;nbsp; &amp;nbsp; &amp;nbsp; &amp;nbsp; &amp;nbsp; &amp;nbsp; &amp;nbsp; &amp;nbsp; &amp;nbsp; &amp;nbsp; &amp;nbsp; &amp;nbsp; &amp;nbsp; &amp;nbsp; &amp;nbsp; &amp;nbsp; &amp;nbsp; &amp;nbsp; &amp;nbsp; &amp;nbsp; &amp;nbsp; &amp;nbsp; &amp;nbsp; &amp;nbsp; &amp;nbsp; &amp;nbsp; &amp;nbsp; &amp;nbsp; &amp;nbsp; 版权声明\r\n&lt;/h3&gt;\r\n&lt;div class=&quot;content&quot; style=&quot;font-family:arial;font-size:14px;padding:0px;background-color:#FFFFFF;&quot;&gt;\r\n	&lt;ul&gt;\r\n		&lt;li style=&quot;color:#6A6A6A;background:url(http://imgcache.qq.com/ac/www_tencent/public/styles/images/dot.gif) 0px 9px no-repeat transparent;&quot;&gt;\r\n			腾讯公司对其发行的或与合作公司共同发行的包括但不限于产品或服务的全部内容及腾讯网站上的材料拥有版权等知识产权，受法律保护。\r\n		&lt;/li&gt;\r\n		&lt;li style=&quot;color:#6A6A6A;background:url(http://imgcache.qq.com/ac/www_tencent/public/styles/images/dot.gif) 0px 9px no-repeat transparent;&quot;&gt;\r\n			未经本公司书面许可，任何单位及个人不得以任何方式或理由对上述产品、服务、信息、材料的任何部分进行使用、复制、修改、抄录、传播或与其它产品捆绑使用、销售。\r\n		&lt;/li&gt;\r\n		&lt;li style=&quot;color:#6A6A6A;background:url(http://imgcache.qq.com/ac/www_tencent/public/styles/images/dot.gif) 0px 9px no-repeat transparent;&quot;&gt;\r\n			凡侵犯本公司版权等知识产权的，本公司必依法追究其法律责任。\r\n		&lt;/li&gt;\r\n		&lt;li style=&quot;color:#6A6A6A;background:url(http://imgcache.qq.com/ac/www_tencent/public/styles/images/dot.gif) 0px 9px no-repeat transparent;&quot;&gt;\r\n			本公司法律事务部受本公司指示，特此郑重法律声明！\r\n		&lt;/li&gt;\r\n	&lt;/ul&gt;\r\n&lt;/div&gt;','0','1');/* MySQLReback Separation */
 /* 创建表结构 `im_support_download_cat`  */
 DROP TABLE IF EXISTS `im_support_download_cat`;/* MySQLReback Separation */ CREATE TABLE `im_support_download_cat` (
  `id` int(11) NOT NULL AUTO_INCREMENT COMMENT '分类编号',
  `cat_name` varchar(64) NOT NULL DEFAULT '' COMMENT '分类名称',
  `sort` tinyint(30) NOT NULL COMMENT '排序',
  `cat_desc` varchar(255) NOT NULL DEFAULT '' COMMENT '分类描述',
  `is_show` tinyint(1) NOT NULL DEFAULT '1' COMMENT '默认显示',
  PRIMARY KEY (`id`)
) ENGINE=MyISAM AUTO_INCREMENT=3 DEFAULT CHARSET=utf8;/* MySQLReback Separation */
 /* 插入数据 `im_support_download_cat` */
 INSERT INTO `im_support_download_cat` VALUES ('1','下载分类一','1','下载分类一','1'),('2','下载二','2','下载二','1');/* MySQLReback Separation */
 /* 创建表结构 `im_support_downloads`  */
 DROP TABLE IF EXISTS `im_support_downloads`;/* MySQLReback Separation */ CREATE TABLE `im_support_downloads` (
  `id` int(10) unsigned NOT NULL AUTO_INCREMENT COMMENT '下载编号',
  `cat_id` int(10) unsigned NOT NULL DEFAULT '0' COMMENT '类别ID',
  `title` varchar(255) NOT NULL DEFAULT '' COMMENT '标题',
  `linkurl` varchar(255) NOT NULL DEFAULT '' COMMENT '外链地址',
  `keywords` varchar(128) NOT NULL DEFAULT '' COMMENT '关键字',
  `description` text COMMENT '描述',
  `ctime` int(11) NOT NULL DEFAULT '0' COMMENT '创建时间',
  `savepath` varchar(255) NOT NULL DEFAULT '' COMMENT '保存本地地址',
  `clicktimes` int(10) NOT NULL DEFAULT '0' COMMENT '点击次数',
  `is_show` tinyint(1) NOT NULL DEFAULT '1' COMMENT '默认显示',
  `thumbnail` varchar(128) NOT NULL DEFAULT '' COMMENT '缩略图',
  `filesize` varchar(32) NOT NULL DEFAULT '' COMMENT '文件大小',
  PRIMARY KEY (`id`)
) ENGINE=MyISAM AUTO_INCREMENT=3 DEFAULT CHARSET=utf8;/* MySQLReback Separation */
 /* 插入数据 `im_support_downloads` */
 INSERT INTO `im_support_downloads` VALUES ('1','1','下载一',null,'下载','下载一d d&amp;nbsp;','1450239125','2015-12-16/5670e495d5559.zip','1','1','2015-12-16/5670e495db703.png','33k'),('2','2','下载2',null,null,'下载2','1450239319','2015-12-16/5670e5576588f.zip','2','1','2015-12-16/5670e5576682f.jpg','333k');/* MySQLReback Separation */
 /* 创建表结构 `im_support_faq_cate`  */
 DROP TABLE IF EXISTS `im_support_faq_cate`;/* MySQLReback Separation */ CREATE TABLE `im_support_faq_cate` (
  `id` int(11) unsigned NOT NULL AUTO_INCREMENT COMMENT '分类id',
  `cate_name` varchar(32) CHARACTER SET utf8 COLLATE utf8_general_mysql500_ci NOT NULL DEFAULT '' COMMENT '分类名',
  PRIMARY KEY (`id`)
) ENGINE=MyISAM AUTO_INCREMENT=4 DEFAULT CHARSET=utf8;/* MySQLReback Separation */
 /* 插入数据 `im_support_faq_cate` */
 INSERT INTO `im_support_faq_cate` VALUES ('2','分类一'),('3','分类二');/* MySQLReback Separation */
 /* 创建表结构 `im_support_map`  */
 DROP TABLE IF EXISTS `im_support_map`;/* MySQLReback Separation */ CREATE TABLE `im_support_map` (
  `id` int(5) unsigned NOT NULL AUTO_INCREMENT COMMENT '省id',
  `name` varchar(255) NOT NULL DEFAULT '' COMMENT '省市名',
  `pid` int(5) NOT NULL COMMENT ' 市',
  `path` char(10) NOT NULL DEFAULT '' COMMENT 'id 和 pid 关系',
  `address` varchar(255) NOT NULL DEFAULT '' COMMENT '详细地址',
  `cname` varchar(255) NOT NULL DEFAULT '' COMMENT '公司名',
  `tel` varchar(20) NOT NULL DEFAULT '' COMMENT '电话',
  `wtime` varchar(255) NOT NULL DEFAULT '' COMMENT '工作时间',
  `map_x` double(12,6) unsigned NOT NULL DEFAULT '0.000000' COMMENT '地图坐标x',
  `map_y` double(12,6) unsigned NOT NULL DEFAULT '0.000000' COMMENT '地图坐标y',
  `status` tinyint(1) NOT NULL DEFAULT '1' COMMENT '显示',
  PRIMARY KEY (`id`)
) ENGINE=MyISAM AUTO_INCREMENT=5 DEFAULT CHARSET=utf8;/* MySQLReback Separation */
 /* 插入数据 `im_support_map` */
 INSERT INTO `im_support_map` VALUES ('2','昆明市','0','0',null,null,null,null,'0.000000','0.000000','1'),('3','昆明市','2',null,'高兴开发区',' 临沧滇晟农林发展有限公司','12345678','09:00——17:30','25.053905','102.676915','1'),('4','临沧市','2',null,'临沧市耿马县勐撒镇撒马坝现代农业示范园区','临沧滇晟农林发展有限公司','12345678','09:00——17:30','23.544587','99.409433','1');/* MySQLReback Separation */
 /* 创建表结构 `im_support_map_province`  */
 DROP TABLE IF EXISTS `im_support_map_province`;/* MySQLReback Separation */ CREATE TABLE `im_support_map_province` (
  `id` int(10) unsigned NOT NULL AUTO_INCREMENT,
  `province` varchar(100) NOT NULL DEFAULT '',
  PRIMARY KEY (`id`)
) ENGINE=InnoDB AUTO_INCREMENT=2 DEFAULT CHARSET=utf8;/* MySQLReback Separation */
 /* 插入数据 `im_support_map_province` */
 INSERT INTO `im_support_map_province` VALUES ('1','北京');/* MySQLReback Separation */
 /* 创建表结构 `im_support_video`  */
 DROP TABLE IF EXISTS `im_support_video`;/* MySQLReback Separation */ CREATE TABLE `im_support_video` (
  `id` int(5) unsigned NOT NULL AUTO_INCREMENT,
  `title` varchar(255) NOT NULL DEFAULT '' COMMENT '板块或标题',
  `pid` char(5) NOT NULL COMMENT '所属哪个板块下',
  `path` char(5) NOT NULL COMMENT 'id和type关系',
  `simg` varchar(255) NOT NULL DEFAULT '' COMMENT '小图',
  `weburl` varchar(255) NOT NULL DEFAULT '' COMMENT '网络视频',
  `status` tinyint(1) NOT NULL DEFAULT '1',
  PRIMARY KEY (`id`)
) ENGINE=MyISAM DEFAULT CHARSET=utf8;/* MySQLReback Separation */
 /* 创建表结构 `im_sys_config`  */
 DROP TABLE IF EXISTS `im_sys_config`;/* MySQLReback Separation */ CREATE TABLE `im_sys_config` (
  `cname` varchar(32) NOT NULL DEFAULT '' COMMENT '配置名称',
  `cvalue` text COMMENT '配置值',
  UNIQUE KEY `name` (`cname`)
) ENGINE=MyISAM DEFAULT CHARSET=utf8;/* MySQLReback Separation */
 /* 插入数据 `im_sys_config` */
 INSERT INTO `im_sys_config` VALUES ('sy_webname','滇晟'),('sy_web_online','1'),('sy_seo_rewrite','1'),('sy_webemail','yumiazusa@hotmail.com'),('sy_webrecor','京123456'),('sy_webtel','12345678'),('sy_freewebtel','87654321'),('sy_qq','2621558304'),('sy_webadd','云南省昆明市高新区'),('sy_webclose','系统例行维护'),('sy_webkeyword',null),('sy_webmeta',null),('sy_webcopyright','版权所有© 2015-2015 临沧滇晟农林发展有限公司™，严禁抄袭复制 '),('sy_safekey','152463'),('sy_fkeyword','台湾,台独'),('sy_fkeyword_all','***'),('sy_bannedip','0.0.0.0'),('sy_bannedip_alert','您的当前IP，该站已经禁止访问，请联系管理员处理。'),('sy_regname','admin,zhongguo,root'),('code_web','7'),('code_type','3'),('code_filetype','1'),('code_width','100'),('code_height','35'),('code_strlength','6'),('logo','logo.png'),('map_tocity','1'),('map_key','1346'),('map_x','130.355'),('map_y','69.358'),('memcacheon','0'),('memcachehost','127.0.0.1'),('memcacheport','3926'),('memcachetime','36'),('webcache','0'),('webcachetime','3600'),('email_serv_addr','smtp.qq.com'),('email_serv_port','25'),('email_serv_uname','114988321@qq.com'),('email_serv_pwd','Ll15925183123'),('email_type','HTML'),('email_sender_count','114988321@qq.com'),('email_send_reg','0'),('email_send_verify','1'),('email_get_pwd','1'),('email_delivery_remind','1'),('email_payment_remind','0'),('email_interview','1'),('sms_accountsid','e2ebaebf73107a65e0d0404339d89830'),('sms_token','a148139e676a9bad1eaa4c4a42e6a38f'),('sms_appid','c1dccd7f5e474251a36995a570f9ed63'),('logo2','12'),('logo3',null),('paypal_cancel_pay','http://127.0.0.1/index.php/Buy/cancel'),('paypal_api_receive','http://127.0.0.1/index.php/Buy/doPaypal'),('paypal_email','tubu8@qq.com'),('paypal_env','sandbox'),('paypal_api_uname','tubu8_api1.qq.com'),('paypal_api_pwd','3AY3CKCRNXG6SE59'),('paypal_api_signature','AAqPBAV7TcT2NrZyxZzSPTGS6eTJAdbU'),('paypal_currency','USD'),('paypal_pay_complete','http://127.0.0.1/index.php/Buy/complete'),('shipping_id','108124'),('shipping_secret','36e82eb79043f8d450d75f6ff45ed11a'),('shipping_type','json'),('shipping_ord','asc'),('shipping_encode','utf8'),('shipping_ver','2'),('work_time','9:00-6:30');/* MySQLReback Separation */
 /* 创建表结构 `im_type`  */
 DROP TABLE IF EXISTS `im_type`;/* MySQLReback Separation */ CREATE TABLE `im_type` (
  `id` mediumint(8) unsigned NOT NULL AUTO_INCREMENT COMMENT 'id',
  `type_name` varchar(30) NOT NULL COMMENT '类型名称',
  PRIMARY KEY (`id`)
) ENGINE=MyISAM AUTO_INCREMENT=10 DEFAULT CHARSET=utf8 COMMENT='商品类型';/* MySQLReback Separation */
 /* 插入数据 `im_type` */
 INSERT INTO `im_type` VALUES ('9','手机'),('8','服装');/* MySQLReback Separation */
 /* 创建表结构 `im_user_address`  */
 DROP TABLE IF EXISTS `im_user_address`;/* MySQLReback Separation */ CREATE TABLE `im_user_address` (
  `id` int(10) unsigned NOT NULL AUTO_INCREMENT COMMENT '地址编号',
  `user_id` int(10) NOT NULL DEFAULT '0' COMMENT '关联用户编号',
  `reciver_user` varchar(32) NOT NULL DEFAULT '' COMMENT '收件人',
  `reciver_phone` char(15) NOT NULL DEFAULT '' COMMENT '联系方式',
  `province` varchar(100) NOT NULL DEFAULT '' COMMENT '省',
  `city` varchar(100) NOT NULL DEFAULT '' COMMENT '市',
  `area` varchar(100) NOT NULL DEFAULT '' COMMENT '县',
  `street` varchar(255) NOT NULL DEFAULT '' COMMENT '详细地址',
  `zipcode` char(8) NOT NULL DEFAULT '' COMMENT '邮编',
  `is_default` tinyint(1) NOT NULL DEFAULT '0' COMMENT '是否为默认',
  PRIMARY KEY (`id`),
  KEY `user_id` (`user_id`)
) ENGINE=MyISAM AUTO_INCREMENT=9 DEFAULT CHARSET=utf8;/* MySQLReback Separation */
 /* 插入数据 `im_user_address` */
 INSERT INTO `im_user_address` VALUES ('2','2','李根','13759169373','云南省','昆明市','盘龙区','学府路230号3栋',null,'0'),('8','2','ligen ','13759169373','云南省','昆明市','官渡区','云南软件园',null,'1');/* MySQLReback Separation */
 /* 创建表结构 `im_user_info`  */
 DROP TABLE IF EXISTS `im_user_info`;/* MySQLReback Separation */ CREATE TABLE `im_user_info` (
  `user_id` int(10) unsigned NOT NULL AUTO_INCREMENT COMMENT '关联用户编号',
  `sex` tinyint(1) NOT NULL DEFAULT '1' COMMENT '性别',
  `true_name` varchar(32) NOT NULL DEFAULT '' COMMENT '真实姓名',
  `birthday` char(10) NOT NULL DEFAULT '0000-00-00' COMMENT '生日 ',
  `marry` tinyint(1) NOT NULL DEFAULT '0' COMMENT '婚姻状况',
  `education` tinyint(1) NOT NULL DEFAULT '4' COMMENT '1 博士后 2博士 3硕士 4本科 5大专 6中专 7高中 8初中几以下',
  `province` varchar(64) NOT NULL DEFAULT '' COMMENT '省（非收货）',
  `city` varchar(64) NOT NULL DEFAULT '' COMMENT '市（非收货）',
  `area` varchar(64) NOT NULL DEFAULT '' COMMENT '县（非收货）',
  `address` varchar(255) NOT NULL DEFAULT '' COMMENT '详细地址',
  `job` varchar(255) NOT NULL DEFAULT '0' COMMENT '行业',
  `thumb` varchar(128) NOT NULL DEFAULT '' COMMENT '头像',
  `identity` varchar(18) NOT NULL DEFAULT '',
  `wage` tinyint(1) NOT NULL DEFAULT '0',
  KEY `user_id` (`user_id`)
) ENGINE=MyISAM AUTO_INCREMENT=3 DEFAULT CHARSET=utf8;/* MySQLReback Separation */
 /* 插入数据 `im_user_info` */
 INSERT INTO `im_user_info` VALUES ('1','1','易德','1989-5-11','2','2','地球','中国','太平区','xxxx园','1','/Public/User/php_avatar1_20150121110144_100_EGT2NIL6.jpg',null,'0'),('2','1',null,'2015-1-1','3','5','云南省','昆明市','盘龙区',null,'1','/Public/User/php_avatar1_20151207221121_544_8BABNX8Y.jpg','530102198802172153','1');/* MySQLReback Separation */
 /* 创建表结构 `im_users`  */
 DROP TABLE IF EXISTS `im_users`;/* MySQLReback Separation */ CREATE TABLE `im_users` (
  `id` int(10) unsigned NOT NULL AUTO_INCREMENT COMMENT '用户编号',
  `uname` char(10) NOT NULL DEFAULT '' COMMENT '用户注册随机生成的用户名',
  `email` varchar(64) NOT NULL DEFAULT '' COMMENT '用户注册邮箱',
  `mobile` char(15) NOT NULL DEFAULT '' COMMENT '用户注册手机',
  `password` char(40) NOT NULL DEFAULT '' COMMENT '用户密码',
  `create_time` int(11) NOT NULL DEFAULT '0' COMMENT '创建时间',
  `last_login_time` int(11) NOT NULL DEFAULT '0' COMMENT '上次登录时间',
  `last_login_ip` char(15) NOT NULL DEFAULT '0' COMMENT '上次IP',
  `login_times` int(10) unsigned NOT NULL DEFAULT '0',
  `mobile_state` tinyint(1) NOT NULL DEFAULT '0',
  `email_state` tinyint(1) NOT NULL DEFAULT '0' COMMENT '设置是否已经验证',
  `active_code` char(32) NOT NULL DEFAULT '' COMMENT '激活码',
  `level` int(10) NOT NULL DEFAULT '0' COMMENT '会员等级',
  `status` tinyint(1) NOT NULL DEFAULT '1' COMMENT '用户状态',
  PRIMARY KEY (`id`),
  KEY `email` (`email`),
  KEY `mobile` (`mobile`)
) ENGINE=MyISAM AUTO_INCREMENT=3 DEFAULT CHARSET=utf8;/* MySQLReback Separation */
 /* 插入数据 `im_users` */
 INSERT INTO `im_users` VALUES ('1','Eden','tubu8@qq.com',null,'2f2038e8d64490fa8bfda36222c29ba57b4784d4','1421204045','1421204045','2130706433','0','1','1','28b5d5916a4dd5facc02055bd8612019','0','1'),('2','yumiazusa','yumiazusa@hotmail.com',null,'61fce85fcd6e6305e23a4fe8e48c97ba376e993b','1444318939','1444318939','2130706433','0','0','1','237deb8f6a866ac45f32366aa4da3543','2','1');/* MySQLReback Separation */
 /* 创建表结构 `im_visit`  */
 DROP TABLE IF EXISTS `im_visit`;/* MySQLReback Separation */ CREATE TABLE `im_visit` (
  `id` int(10) unsigned NOT NULL AUTO_INCREMENT,
  `vtime` varchar(32) NOT NULL DEFAULT '' COMMENT '日期  格式 Y-m-d',
  `visit_count` int(11) DEFAULT NULL COMMENT '访问量',
  PRIMARY KEY (`id`)
) ENGINE=MyISAM AUTO_INCREMENT=61 DEFAULT CHARSET=utf8;/* MySQLReback Separation */
 /* 插入数据 `im_visit` */
 INSERT INTO `im_visit` VALUES ('1','2015-01-18','1'),('10','2015-01-26','2'),('11','2015-09-22','3'),('12','2015-09-23','2'),('13','2015-09-26','2'),('14','2015-09-27','1'),('15','2015-10-01','1'),('16','2015-10-08','1'),('17','2015-10-09','2'),('18','2015-10-10','2'),('19','2015-10-11','3'),('20','2015-10-24','2'),('21','2015-10-25','3'),('22','2015-10-27','2'),('23','2015-10-29','1'),('24','2015-11-01','2'),('25','2015-11-03','2'),('26','2015-11-05','1'),('27','2015-11-08','2'),('28','2015-11-09','1'),('29','2015-11-12','1'),('30','2015-11-21','3'),('31','2015-11-22','3'),('32','2015-11-23','2'),('33','2015-11-24','1'),('34','2015-11-25','2'),('35','2015-11-26','1'),('36','2015-11-29','6'),('37','2015-12-01','2'),('38','2015-12-02','3'),('39','2015-12-03','1'),('40','2015-12-04','1'),('41','2015-12-05','4'),('42','2015-12-07','2'),('43','2015-12-08','1'),('44','2015-12-09','1'),('45','2015-12-10','2'),('46','2015-12-12','3'),('47','2015-12-13','3'),('48','2015-12-14','1'),('49','2015-12-15','1'),('50','2015-12-16','3'),('51','2015-12-21','1'),('52','2015-12-22','1'),('53','2015-12-23','1'),('54','2016-01-01','1'),('55','2016-01-02','1'),('56','2016-01-16','2'),('57','2016-01-17','3'),('58','2016-01-18','1'),('59','2016-01-19','1'),('60','2016-01-20','5');/* MySQLReback Separation */