/* This file is created by MySQLReback 2015-12-15 22:06:57 */
 /* 创建表结构 `im_admin_info`  */
 DROP TABLE IF EXISTS `im_admin_info`;/* MySQLReback Separation */ CREATE TABLE `im_admin_info` (
  `uid` int(10) unsigned NOT NULL,
  `true_name` varchar(32) NOT NULL DEFAULT '',
  `sex` tinyint(4) NOT NULL DEFAULT '0',
  `thumbnail` varchar(128) NOT NULL DEFAULT '',
  `birthday` char(10) NOT NULL DEFAULT '0000-00-00',
  `email` varchar(64) NOT NULL DEFAULT '',
  `phone` char(15) NOT NULL DEFAULT '',
  `id_card` char(18) NOT NULL DEFAULT '',
  `department` varchar(32) NOT NULL DEFAULT '',
  `position` varchar(32) NOT NULL DEFAULT '',
  `join_time` char(10) NOT NULL DEFAULT '0000-00-00',
  `province` int(10) NOT NULL DEFAULT '0',
  `city` int(10) NOT NULL DEFAULT '0',
  `area` int(10) NOT NULL DEFAULT '0',
  `education` tinyint(4) NOT NULL DEFAULT '0',
  `marry` tinyint(1) NOT NULL DEFAULT '0'
) ENGINE=MyISAM DEFAULT CHARSET=utf8;/* MySQLReback Separation */
 /* 插入数据 `im_admin_info` */
 INSERT INTO `im_admin_info` VALUES ('7',null,'0',null,'0000-00-00',null,null,null,null,null,'0000-00-00','0','0','0','0','0'),('8',null,'0',null,'0000-00-00',null,null,null,null,null,'0000-00-00','0','0','0','0','0'),('9',null,'0',null,'0000-00-00',null,null,null,null,null,'0000-00-00','0','0','0','0','0'),('10',null,'0',null,'0000-00-00',null,null,null,null,null,'0000-00-00','0','0','0','0','0'),('11',null,'0',null,'0000-00-00',null,null,null,null,null,'0000-00-00','0','0','0','0','0'),('1',null,'0',null,'0000-00-00',null,null,null,null,null,'0000-00-00','0','0','0','0','0'),('7',null,'0',null,'0000-00-00',null,null,null,null,null,'0000-00-00','0','0','0','0','0'),('8',null,'0',null,'0000-00-00',null,null,null,null,null,'0000-00-00','0','0','0','0','0'),('9',null,'0',null,'0000-00-00',null,null,null,null,null,'0000-00-00','0','0','0','0','0'),('10',null,'0',null,'0000-00-00',null,null,null,null,null,'0000-00-00','0','0','0','0','0'),('11',null,'0',null,'0000-00-00',null,null,null,null,null,'0000-00-00','0','0','0','0','0'),('1',null,'0',null,'0000-00-00',null,null,null,null,null,'0000-00-00','0','0','0','0','0'),('7',null,'0',null,'0000-00-00',null,null,null,null,null,'0000-00-00','0','0','0','0','0'),('8',null,'0',null,'0000-00-00',null,null,null,null,null,'0000-00-00','0','0','0','0','0'),('9',null,'0',null,'0000-00-00',null,null,null,null,null,'0000-00-00','0','0','0','0','0'),('10',null,'0',null,'0000-00-00',null,null,null,null,null,'0000-00-00','0','0','0','0','0'),('11',null,'0',null,'0000-00-00',null,null,null,null,null,'0000-00-00','0','0','0','0','0'),('1',null,'0',null,'0000-00-00',null,null,null,null,null,'0000-00-00','0','0','0','0','0'),('7',null,'0',null,'0000-00-00',null,null,null,null,null,'0000-00-00','0','0','0','0','0'),('8',null,'0',null,'0000-00-00',null,null,null,null,null,'0000-00-00','0','0','0','0','0'),('9',null,'0',null,'0000-00-00',null,null,null,null,null,'0000-00-00','0','0','0','0','0'),('10',null,'0',null,'0000-00-00',null,null,null,null,null,'0000-00-00','0','0','0','0','0'),('11',null,'0',null,'0000-00-00',null,null,null,null,null,'0000-00-00','0','0','0','0','0'),('1',null,'0',null,'0000-00-00',null,null,null,null,null,'0000-00-00','0','0','0','0','0');/* MySQLReback Separation */
 /* 创建表结构 `im_admin_logs`  */
 DROP TABLE IF EXISTS `im_admin_logs`;/* MySQLReback Separation */ CREATE TABLE `im_admin_logs` (
  `id` int(10) unsigned NOT NULL AUTO_INCREMENT,
  `user_id` int(10) NOT NULL DEFAULT '0' COMMENT '操作人ID',
  `username` varchar(128) NOT NULL DEFAULT '' COMMENT '操作人用户名',
  `content` text NOT NULL COMMENT '内容',
  `ctime` int(11) NOT NULL DEFAULT '0' COMMENT '记录时间',
  `cip` bigint(20) NOT NULL DEFAULT '0',
  PRIMARY KEY (`id`),
  KEY `user_id` (`user_id`)
) ENGINE=MyISAM AUTO_INCREMENT=617 DEFAULT CHARSET=utf8;/* MySQLReback Separation */
 /* 插入数据 `im_admin_logs` */
 INSERT INTO `im_admin_logs` VALUES ('1','1','yumiazusa','用户（UID: 2）添加成功！','1443020830','2130706433'),('2','1','yumiazusa','用户（UID：2）账户状态被禁用','1443672721','2130706433'),('3','1','yumiazusa','用户（UID：2）账户状态被启用','1443672723','2130706433'),('4','1','yumiazusa','用户（UID：2）账户状态被禁用','1443672739','2130706433'),('5','1','yumiazusa','用户（UID：2）账户状态被启用','1443673239','2130706433'),('6','1','yumiazusa','用户lala（UID: 3）添加成功！','1443680498','2130706433'),('7','1','yumiazusa','角色:测试用（ROLE_ID: 9）添加成功！','1443680645','2130706433'),('8','1','yumiazusa','角色:测试2（ROLE_ID: 10）添加成功！','1443680805','2130706433'),('9','1','yumiazusa','管理员用户（UID：2）帐户删除成功','1443680848','2130706433'),('10','1','yumiazusa','用户（UID: 4）添加成功！','1443681097','2130706433'),('11','1','yumiazusa','用户（UID: 5）添加成功！','1443681108','2130706433'),('12','1','yumiazusa','管理员用户（UID：4, 5）帐户删除成功','1443681124','2130706433'),('13','1','yumiazusa','用户（UID：10）角色状态被启用','1443681629','2130706433'),('14','1','yumiazusa','用户（UID：9）角色状态被禁用','1443681632','2130706433'),('15','1','yumiazusa','用户（UID：9）角色状态被启用','1443681701','2130706433'),('16','1','yumiazusa','角色（ROLE_ID: 11）添加成功！','1443682013','2130706433'),('17','1','yumiazusa','角色（ROLE_ID: 12）添加成功！','1443682056','2130706433'),('18','1','yumiazusa','角色（ROLE_ID: 13）添加成功！','1443682158','2130706433'),('19','1','yumiazusa','角色（ROLE_ID: 14）添加成功！','1443682250','2130706433'),('20','1','yumiazusa','用户（UID: 6）添加成功！','1443684808','2130706433'),('21','6','laojianb','用户（UID: 7）添加成功！','1443685470','2130706433'),('22','6','laojianb','用户（UID：12）角色状态被启用','1443685486','2130706433'),('23','6','laojianb','用户（UID：1）账户状态被启用','1443685610','2130706433'),('24','6','laojianb','用户（UID: 8）添加成功！','1443685815','2130706433'),('25','6','laojianb','用户（UID: 7）修改成功！','1443685974','2130706433'),('26','6','laojianb','用户（UID: 7）修改成功！','1443686077','2130706433'),('27','6','laojianb','管理员用户（UID：7）帐户删除成功','1443686286','2130706433'),('28','6','laojianb','用户（UID：13）角色状态被禁用','1443687317','2130706433'),('29','6','laojianb','用户（UID：9）角色状态被禁用','1443687325','2130706433'),('30','6','laojianb','角色（UID: 9）修改成功！','1443687883','2130706433'),('31','6','laojianb','角色（UID: 9）修改成功！','1443687894','2130706433'),('32','6','laojianb','用户（UID：9）角色状态被启用','1443687901','2130706433'),('33','6','laojianb','角色（UID: 9）修改成功！','1443687915','2130706433'),('34','6','laojianb','角色（UID: 9）修改成功！','1443689010','2130706433'),('35','6','laojianb','角色（UID: 9）修改成功！','1443689025','2130706433'),('36','6','laojianb','角色（UID: 9）修改成功！','1443689030','2130706433'),('37','6','laojianb','角色（UID: 9）修改成功！','1443689092','2130706433'),('38','6','laojianb','用户（UID: 1）修改成功！','1443689194','2130706433'),('39','6','laojianb','角色（UID: 10）修改成功！','1443689486','2130706433'),('40','6','laojianb','用户（UID: 9）添加成功！','1443689919','2130706433'),('41','6','laojianb','管理员用户（UID：9）帐户删除成功','1443689932','2130706433'),('42','6','laojianb','用户（UID: 10）添加成功！','1443690087','2130706433'),('43','6','laojianb','管理员用户（UID：10）帐户删除成功','1443690092','2130706433'),('44','6','laojianb','用户（UID: 11）添加成功！','1443690137','2130706433'),('45','6','laojianb','用户（UID: 12）添加成功！','1443690273','2130706433'),('46','6','laojianb','用户（UID: 13）添加成功！','1443690284','2130706433'),('47','6','laojianb','用户（UID: 14）添加成功！','1443690328','2130706433'),('48','6','laojianb','用户（UID: 15）添加成功！','1443690381','2130706433'),('49','6','laojianb','用户（UID: 16）添加成功！','1443690470','2130706433'),('50','6','laojianb','用户（UID: 17）添加成功！','1443690480','2130706433'),('51','6','laojianb','用户（UID: 18）添加成功！','1443690651','2130706433'),('52','6','laojianb','用户（UID: 19）添加成功！','1443692258','2130706433'),('53','6','laojianb','用户（UID: 20）添加成功！','1443692648','2130706433'),('54','6','laojianb','用户（UID: 21）添加成功！','1443692809','2130706433'),('55','6','laojianb','管理员用户（UID：11, 21, 6）帐户删除成功','1443692819','2130706433'),('56','6','laojianb','管理员用户（UID：19, 18, 17, 16, 15, 14, 13, 12, 20）帐户删除成功','1443692867','2130706433'),('57','6','laojianb','用户（UID: 22）添加成功！','1443692908','2130706433'),('58','6','laojianb','用户（UID: 22）修改成功！','1443692992','2130706433');/* MySQLReback Separation */
 /* 插入数据 `im_admin_logs` */
 INSERT INTO `im_admin_logs` VALUES ('59','6','laojianb','角色（ROLE_ID: 15）添加成功！','1443693108','2130706433');/* MySQLReback Separation */
 /* 插入数据 `im_admin_logs` */
 INSERT INTO `im_admin_logs` VALUES ('60','1','yumiazusa','用户（UID：22）账户状态被启用','1443705937','2130706433'),('61','1','yumiazusa','用户（UID: 1）修改成功！','1443705950','2130706433'),('62','1','yumiazusa','管理员用户（UID：1, 22）帐户删除成功','1443706003','2130706433'),('63','1','yumiazusa','用户（UID: 1）添加成功！','1443706072','2130706433'),('64','1','yumiazusa','用户（UID: 2）添加成功！','1443706920','2130706433'),('65','1','yumiazusa','管理员用户（UID：2）帐户删除成功','1443706931','2130706433'),('66','1','yumiazusa','用户（UID: 3）添加成功！','1443707017','2130706433'),('67','1','yumiazusa','角色（ROLE_ID: 16）添加成功！','1443707627','2130706433'),('68','1','yumiazusa','角色（ROLE_ID: 17）添加成功！','1443707656','2130706433'),('69','1','yumiazusa','角色（ROLE_ID: 18）添加成功！','1443707890','2130706433'),('70','1','yumiazusa','角色（UID: 18）修改成功！','1443708133','2130706433'),('71','1','yumiazusa','角色（UID: 15）修改成功！','1443708306','2130706433'),('72','1','yumiazusa','角色（UID: 15）修改成功！','1443708317','2130706433'),('73','1','yumiazusa','用户（UID：15）角色状态被启用','1443708320','2130706433'),('74','1','yumiazusa','角色（UID: 14）修改成功！','1443708447','2130706433'),('75','1','yumiazusa','角色（UID: 14）修改成功！','1443708456','2130706433'),('76','1','yumiazusa','用户（UID：14）角色状态被启用','1443708459','2130706433'),('77','1','yumiazusa','角色（UID: 13）修改成功！','1443708466','2130706433'),('78','1','yumiazusa','用户（UID：13）角色状态被启用','1443708468','2130706433'),('79','1','yumiazusa','角色（UID: 12）修改成功！','1443708474','2130706433'),('80','1','yumiazusa','角色（UID: 10）修改成功！','1443708479','2130706433'),('81','1','yumiazusa','用户角色（ROLE_ID：15）帐户删除成功','1443709486','2130706433'),('82','1','yumiazusa','用户角色（ROLE_ID：14）帐户删除成功','1443709489','2130706433'),('83','1','yumiazusa','用户角色（ROLE_ID：13）帐户删除成功','1443709493','2130706433'),('141','1','yumiazusa','权限（RULE_ID: 1）修改成功！','1443806245','2130706433'),('140','1','yumiazusa','权限（RULE_ID: 1）修改成功！','1443806201','2130706433'),('139','1','yumiazusa','权限（RULE_ID: 1）修改成功！','1443806194','2130706433'),('138','1','yumiazusa','权限（RULE_ID: 1）修改成功！','1443806185','2130706433'),('137','1','yumiazusa','权限（RULE_ID: 1）修改成功！','1443806165','2130706433'),('136','1','yumiazusa','权限（RULE_ID: 1）修改成功！','1443806157','2130706433'),('135','1','yumiazusa','权限（RULE_ID: 1）修改成功！','1443806105','2130706433'),('134','1','yumiazusa','管理员用户（UID：13）帐户删除成功','1443804698','2130706433'),('133','1','yumiazusa','用户（UID: 13）添加成功！','1443804691','2130706433'),('132','1','yumiazusa',' 权限（RULE_ID: 349）添加成功！','1443804529','2130706433'),('129','1','yumiazusa',' 权限（RULE_ID: 346）添加成功！','1443802609','2130706433'),('130','1','yumiazusa',' 权限（RULE_ID: 347）添加成功！','1443804365','2130706433'),('131','1','yumiazusa',' 权限（RULE_ID: 348）添加成功！','1443804430','2130706433'),('153','1','yumiazusa','角色权限（ROLE_ID: 10）修改成功！','1444011858','2130706433'),('152','1','yumiazusa','角色权限（ROLE_ID: 10）修改成功！','1444011852','2130706433'),('151','1','yumiazusa','角色权限（ROLE_ID: 10）修改成功！','1444011761','2130706433'),('150','1','yumiazusa','角色权限（ROLE_ID: 10）修改成功！','1444011675','2130706433'),('149','1','yumiazusa','权限（RULE_ID: 1）修改成功！','1443806637','2130706433'),('148','1','yumiazusa','权限（RULE_ID：1）角色状态被禁用','1443806634','2130706433'),('147','1','yumiazusa','权限角色（AUTH_ID：346）删除成功','1443806436','2130706433'),('146','1','yumiazusa','权限角色（AUTH_ID：347）删除成功','1443806434','2130706433'),('142','1','yumiazusa','权限（RULE_ID: 1）修改成功！','1443806271','2130706433'),('143','1','yumiazusa','权限（RULE_ID: 1）修改成功！','1443806276','2130706433'),('144','1','yumiazusa','权限角色（AUTH_ID：349）删除成功','1443806428','2130706433'),('145','1','yumiazusa','权限角色（AUTH_ID：348）删除成功','1443806431','2130706433'),('161','1','yumiazusa','角色权限（ROLE_ID: 10）修改成功！','1444190570','2130706433'),('160','1','yumiazusa','角色权限（ROLE_ID: 10）修改成功！','1444190557','2130706433'),('159','1','yumiazusa','角色权限（ROLE_ID: 10）修改成功！','1444190542','2130706433'),('158','1','yumiazusa','角色权限（ROLE_ID: 10）修改成功！','1444189436','2130706433'),('157','1','yumiazusa','角色权限（ROLE_ID: 10）修改成功！','1444189373','2130706433'),('156','1','yumiazusa','角色权限（ROLE_ID: 10）修改成功！','1444189358','2130706433');/* MySQLReback Separation */
 /* 插入数据 `im_admin_logs` */
 INSERT INTO `im_admin_logs` VALUES ('155','1','yumiazusa','角色权限（ROLE_ID: 10）修改成功！','1444188544','2130706433');/* MySQLReback Separation */
 /* 插入数据 `im_admin_logs` */
 INSERT INTO `im_admin_logs` VALUES ('154','1','yumiazusa','角色权限（ROLE_ID: 10）修改成功！','1444188538','2130706433'),('162','1','yumiazusa','角色权限（ROLE_ID: 10）修改成功！','1444190590','2130706433'),('163','1','yumiazusa','角色权限（ROLE_ID: 10）修改成功！','1444190612','2130706433'),('164','1','yumiazusa','角色权限（ROLE_ID: 10）修改成功！','1444194034','2130706433'),('165','1','yumiazusa','角色权限（ROLE_ID: 10）修改成功！','1444194048','2130706433'),('166','1','yumiazusa','角色权限（ROLE_ID: 10）修改成功！','1444195514','2130706433'),('167','1','yumiazusa','角色权限（ROLE_ID: 10）修改成功！','1444195523','2130706433'),('168','1','yumiazusa','角色权限（ROLE_ID: 10）修改成功！','1444195575','2130706433'),('169','1','yumiazusa','角色权限（ROLE_ID: 10）修改成功！','1444195600','2130706433'),('170','1','yumiazusa','角色权限（ROLE_ID: 10）修改成功！','1444195881','2130706433'),('171','1','yumiazusa','角色权限（ROLE_ID: 10）修改成功！','1444195890','2130706433'),('172','1','yumiazusa','角色权限（ROLE_ID: 10）修改成功！','1444195937','2130706433'),('173','1','yumiazusa','角色权限（ROLE_ID: 10）修改成功！','1444195982','2130706433'),('174','1','yumiazusa','角色权限（ROLE_ID: 10）修改成功！','1444196030','2130706433'),('175','1','yumiazusa','角色权限（ROLE_ID: 10）修改成功！','1444196042','2130706433'),('176','1','yumiazusa','角色权限（ROLE_ID: 10）修改成功！','1444196133','2130706433'),('177','1','yumiazusa','角色权限（ROLE_ID: 10）修改成功！','1444196678','2130706433'),('178','1','yumiazusa','角色权限（ROLE_ID: 10）修改成功！','1444196692','2130706433'),('179','1','yumiazusa','角色权限（ROLE_ID: 10）修改成功！','1444196793','2130706433'),('180','1','yumiazusa','角色权限（ROLE_ID: 10）修改成功！','1444196831','2130706433'),('181','1','yumiazusa','角色权限（ROLE_ID: 10）修改成功！','1444196871','2130706433'),('182','1','yumiazusa','角色权限（ROLE_ID: 10）修改成功！','1444196886','2130706433'),('183','1','yumiazusa','角色权限（ROLE_ID: 10）修改成功！','1444196954','2130706433'),('184','1','yumiazusa','角色权限（ROLE_ID: 10）修改成功！','1444197212','2130706433'),('185','1','yumiazusa','角色权限（ROLE_ID: 10）修改成功！','1444197227','2130706433'),('186','1','yumiazusa','角色权限（ROLE_ID: 10）修改成功！','1444197305','2130706433'),('187','1','yumiazusa','角色权限（ROLE_ID: 10）修改成功！','1444197339','2130706433'),('188','1','yumiazusa','角色权限（ROLE_ID: 10）修改成功！','1444197353','2130706433'),('189','1','yumiazusa','角色权限（ROLE_ID: 10）修改成功！','1444197417','2130706433'),('190','1','yumiazusa','角色权限（ROLE_ID: 10）修改成功！','1444197442','2130706433'),('191','1','yumiazusa','角色权限（ROLE_ID: 10）修改成功！','1444197610','2130706433'),('192','1','yumiazusa','角色权限（ROLE_ID: 10）修改成功！','1444197617','2130706433'),('193','1','yumiazusa','角色权限（ROLE_ID: 10）修改成功！','1444197816','2130706433'),('194','1','yumiazusa','角色权限（ROLE_ID: 10）修改成功！','1444197824','2130706433'),('195','1','yumiazusa','角色权限（ROLE_ID: 10）修改成功！','1444197875','2130706433'),('196','1','yumiazusa','角色权限（ROLE_ID: 10）修改成功！','1444197881','2130706433'),('197','1','yumiazusa','角色权限（ROLE_ID: 10）修改成功！','1444197890','2130706433'),('198','1','yumiazusa','角色权限（ROLE_ID: 10）修改成功！','1444197962','2130706433'),('199','1','yumiazusa','角色权限（ROLE_ID: 10）修改成功！','1444197967','2130706433'),('200','1','yumiazusa','角色权限（ROLE_ID: 10）修改成功！','1444197976','2130706433'),('201','1','yumiazusa','新模块（MODULE_ID: 4）添加成功！','1444198096','2130706433'),('202','1','yumiazusa','模块（UID: 4）修改成功！','1444198174','2130706433'),('203','1','yumiazusa','角色权限（ROLE_ID: 10）修改成功！','1444198274','2130706433'),('204','1','yumiazusa','角色权限（ROLE_ID: 1）修改成功！','1444398061','2130706433'),('205','1','yumiazusa','角色权限（ROLE_ID: 1）修改成功！','1444398176','2130706433'),('206','1','yumiazusa','用户（UID: 10）修改成功！','1444399476','2130706433'),('207','1','yumiazusa','用户（UID: 1）修改成功！','1444400667','2130706433'),('208','1','yumiazusa','用户（UID: 1）修改成功！','1444400674','2130706433'),('209','1','yumiazusa','角色权限（ROLE_ID: 2）修改成功！','1444400745','2130706433'),('210','1','yumiazusa','角色权限（ROLE_ID: 2）修改成功！','1444401299','2130706433'),('211','1','yumiazusa','角色权限（ROLE_ID: 1）修改成功！','1444402075','2130706433'),('212','1','yumiazusa','角色权限（ROLE_ID: 1）修改成功！','1444402462','2130706433'),('213','1','yumiazusa','角色权限（ROLE_ID: 2）修改成功！','1444402563','2130706433');/* MySQLReback Separation */
 /* 插入数据 `im_admin_logs` */
 INSERT INTO `im_admin_logs` VALUES ('214','1','yumiazusa','角色权限（ROLE_ID: 2）修改成功！','1444404935','2130706433');/* MySQLReback Separation */
 /* 插入数据 `im_admin_logs` */
 INSERT INTO `im_admin_logs` VALUES ('215','1','yumiazusa','角色权限（ROLE_ID: 1）修改成功！','1444404945','2130706433'),('216','1','yumiazusa','商品（ID:38）修改成功','1444497350','2130706433'),('217','1','yumiazusa','商品（ID:38）修改成功','1444497371','2130706433'),('218','1','yumiazusa','商品（ID:38）修改成功','1444497414','2130706433'),('219','1','yumiazusa','商品（ID:39）添加成功','1444497545','2130706433'),('220','1','yumiazusa','商品（ID:40）添加成功','1444497552','2130706433'),('221','1','yumiazusa','商品（ID:41）添加成功','1444497557','2130706433'),('222','1','yumiazusa','商品（ID:42）添加成功','1444497563','2130706433'),('223','1','yumiazusa','商品（ID:43）添加成功','1444497590','2130706433'),('224','1','yumiazusa','商品（ID:44）添加成功','1444497723','2130706433'),('225','1','yumiazusa','商品（ID:45）添加成功','1444547919','2130706433'),('226','1','yumiazusa','商品（ID:38）已成功加入回收站','1444572736','2130706433'),('227','1','yumiazusa','商品（ID:38）已从回收站移出','1444572755','2130706433'),('228','1','yumiazusa','商品类型（TYPE_ID:2）添加成功','1444662298','2130706433'),('229','1','yumiazusa','商品类型（TYPE_ID: 2）修改成功！','1444663494','2130706433'),('230','1','yumiazusa','商品类型（TYPE_ID:3）添加成功','1444663825','2130706433'),('231','1','yumiazusa','商品类型属性（ATTR_ID:2）添加成功','1444671208','2130706433'),('232','1','yumiazusa','商品类型属性（ATTR_ID:3）添加成功','1444671575','2130706433'),('233','1','yumiazusa','商品类型属性（ATTR_ID:4）添加成功','1444671617','2130706433'),('234','1','yumiazusa','商品类型属性（ATTR_ID:1）修改成功','1444746786','2130706433'),('235','1','yumiazusa','商品类型属性（ATTR_ID:1）修改成功','1444746818','2130706433'),('236','1','yumiazusa','商品类型属性（ATTR_ID:5）添加成功','1444747098','2130706433'),('237','1','yumiazusa','商品类型属性（ATTR_ID:6）添加成功','1444747357','2130706433'),('238','1','yumiazusa','商品类型属性（ATTR_ID:1）修改成功','1444747418','2130706433'),('239','1','yumiazusa','商品类型属性（ATTR_ID:1）修改成功','1444747471','2130706433'),('240','1','yumiazusa','商品类型属性（ATTR_ID:1）修改成功','1444747609','2130706433'),('241','1','yumiazusa','商品类型属性（ATTR_ID:1）修改成功','1444747651','2130706433'),('242','1','yumiazusa','商品类型属性（ATTR_ID:7）添加成功','1444747665','2130706433'),('243','1','yumiazusa','商品类型属性（ATTR_ID:7）删除成功','1444750622','2130706433'),('244','1','yumiazusa','商品类型属性（ATTR_ID:6）删除成功','1444750630','2130706433'),('245','1','yumiazusa','商品类型属性（ATTR_ID:5）删除成功','1444750642','2130706433'),('246','1','yumiazusa','商品类型属性（ATTR_ID:3）删除成功','1444750712','2130706433'),('247','1','yumiazusa','商品类型属性（ATTR_ID:1）删除成功','1444750865','2130706433'),('248','1','yumiazusa','用户角色（ROLE_ID：5）删除成功','1444750885','2130706433'),('249','1','yumiazusa','用户角色（ROLE_ID：4）删除成功','1444750934','2130706433'),('250','1','yumiazusa',' 权限（RULE_ID: 350）添加成功！','1444750977','2130706433'),('251','1','yumiazusa','权限角色（AUTH_ID：350）删除成功','1444750983','2130706433'),('252','1','yumiazusa','商品类型（TYPE_ID:2）删除成功','1444751597','2130706433'),('253','1','yumiazusa','商品类型（TYPE_ID:1）删除成功','1444751615','2130706433'),('254','1','yumiazusa','商品类型（TYPE_ID:4）添加成功','1444751781','2130706433'),('255','1','yumiazusa','商品类型（TYPE_ID:4）删除成功','1444751784','2130706433'),('256','1','yumiazusa','商品类型（TYPE_ID:5）添加成功','1444751791','2130706433'),('257','1','yumiazusa','商品类型属性（ATTR_ID:8）添加成功','1444751798','2130706433'),('258','1','yumiazusa','商品类型属性（ATTR_ID:8）删除成功','1444751810','2130706433'),('259','1','yumiazusa','商品类型（TYPE_ID:5）删除成功','1444751824','2130706433'),('260','1','yumiazusa','商品类型（TYPE_ID:6）添加成功','1444751829','2130706433'),('261','1','yumiazusa','商品类型属性（ATTR_ID:9）添加成功','1444751856','2130706433'),('262','1','yumiazusa','商品类型（TYPE_ID:6）删除成功','1444751866','2130706433'),('263','1','yumiazusa','商品类型（TYPE_ID:7）添加成功','1444751911','2130706433'),('264','1','yumiazusa','商品类型属性（ATTR_ID:10）添加成功','1444751953','2130706433'),('265','1','yumiazusa','商品类型（TYPE_ID:7）删除成功','1444751963','2130706433'),('266','1','yumiazusa','商品类型（TYPE_ID:8）添加成功','1445654612','2130706433'),('267','1','yumiazusa','商品类型属性（ATTR_ID:11）添加成功','1445654642','2130706433'),('268','1','yumiazusa','商品类型属性（ATTR_ID:12）添加成功','1445654665','2130706433'),('269','1','yumiazusa','商品类型（TYPE_ID:9）添加成功','1445654685','2130706433');/* MySQLReback Separation */
 /* 插入数据 `im_admin_logs` */
 INSERT INTO `im_admin_logs` VALUES ('270','1','yumiazusa','商品类型属性（ATTR_ID:13）添加成功','1445654732','2130706433');/* MySQLReback Separation */
 /* 插入数据 `im_admin_logs` */
 INSERT INTO `im_admin_logs` VALUES ('271','1','yumiazusa','商品类型属性（ATTR_ID:14）添加成功','1445654795','2130706433'),('272','1','yumiazusa','商品分类（CAT_ID:17）添加成功','1445661290','2130706433'),('273','1','yumiazusa','商品分类（CAT_ID:18）添加成功','1445661300','2130706433'),('274','1','yumiazusa','商品分类（CAT_ID:19）添加成功','1445662610','2130706433'),('275','1','yumiazusa','商品分类（CAT_ID:20）添加成功','1445662629','2130706433'),('276','1','yumiazusa','商品分类（CAT_ID:21）添加成功','1445663163','2130706433'),('277','1','yumiazusa','商品分类（CAT_ID:22）添加成功','1445663180','2130706433'),('278','1','yumiazusa','商品分类（CAT_ID:23）添加成功','1445663198','2130706433'),('279','1','yumiazusa','商品分类（ATTR_ID:20）修改成功','1445663861','2130706433'),('280','1','yumiazusa','商品分类（ATTR_ID:20）修改成功','1445663874','2130706433'),('281','1','yumiazusa','商品分类（ATTR_ID:20）删除成功','1445664709','2130706433'),('282','1','yumiazusa','商品分类（ATTR_ID:22）删除成功','1445664796','2130706433'),('283','1','yumiazusa','商品分类（ATTR_ID:17）删除成功','1445664803','2130706433'),('284','1','yumiazusa','商品分类（ATTR_ID:23）删除成功','1445664830','2130706433'),('285','1','yumiazusa','商品分类（ATTR_ID:14）删除成功','1445664841','2130706433'),('286','1','yumiazusa','商品分类（ATTR_ID:19）删除成功','1445664859','2130706433'),('287','1','yumiazusa','商品分类（ATTR_ID:21）删除成功','1445664862','2130706433'),('288','1','yumiazusa','商品分类（CAT_ID:24）添加成功','1445696407','2130706433'),('289','1','yumiazusa','商品分类（ATTR_ID:24）删除成功','1445696411','2130706433'),('290','1','yumiazusa','商品分类（ATTR_ID:4）修改成功','1445696890','2130706433'),('291','1','yumiazusa','商品分类（ATTR_ID:4）修改成功','1445696898','2130706433'),('292','1','yumiazusa','商品分类（CAT_ID:25）添加成功','1445696952','2130706433'),('293','1','yumiazusa','商品分类（ATTR_ID:25）修改成功','1445697174','2130706433'),('294','1','yumiazusa','商品分类（ATTR_ID:25）修改成功','1445697248','2130706433'),('295','1','yumiazusa','商品分类（ATTR_ID:25）修改成功','1445697255','2130706433'),('296','1','yumiazusa','商品分类（ATTR_ID:25）修改成功','1445697266','2130706433'),('297','1','yumiazusa','商品分类（ATTR_ID:25）修改成功','1445697801','2130706433'),('298','1','yumiazusa','商品分类（ATTR_ID:25）修改成功','1445697815','2130706433'),('299','1','yumiazusa','商品分类（CAT_ID:26）添加成功','1445697903','2130706433'),('300','1','yumiazusa','商品分类（ATTR_ID:26）删除成功','1445697908','2130706433'),('301','1','yumiazusa','商品分类（ATTR_ID:25）删除成功','1445697912','2130706433'),('302','1','yumiazusa','商品分类（ATTR_ID:4）删除成功','1445698209','2130706433'),('303','1','yumiazusa','商品（ID:39）修改成功','1445703283','2130706433'),('304','1','yumiazusa','商品（ID:40）修改成功','1445703300','2130706433'),('305','1','yumiazusa','商品（ID:42）修改成功','1445703329','2130706433'),('306','1','yumiazusa','商品分类（CAT_ID:27）添加成功','1445743141','2130706433'),('307','1','yumiazusa','商品（ID:45）修改成功','1445743344','2130706433'),('308','1','yumiazusa','商品（ID:46）添加成功','1445743471','2130706433'),('309','1','yumiazusa','商品（ID:46）已成功加入回收站','1445743555','2130706433'),('310','1','yumiazusa','商品（ID:46）已从回收站移出','1445743565','2130706433'),('311','1','yumiazusa','商品（ID:46）修改成功','1445745822','2130706433'),('312','1','yumiazusa','商品（ID:47）添加成功','1445754376','2130706433'),('313','1','yumiazusa','商品（ID:48）添加成功','1445754505','2130706433'),('314','1','yumiazusa','商品（ID:48）修改成功','1445754523','2130706433'),('315','1','yumiazusa','商品（ID:49）添加成功','1445758653','2130706433'),('316','1','yumiazusa','商品（ID:50）添加成功','1445763127','2130706433'),('317','1','yumiazusa','商品（ID:51）添加成功','1445763303','2130706433'),('318','1','yumiazusa','商品（ID:52）添加成功','1445763500','2130706433'),('319','1','yumiazusa','商品（ID:53）添加成功','1445763697','2130706433'),('320','1','yumiazusa','商品（ID:39）添加成功','1446046951','2130706433'),('321','1','yumiazusa','商品（ID:40）添加成功','1446047110','2130706433'),('322','1','yumiazusa','商品（ID:41）添加成功','1446386529','2130706433'),('323','1','yumiazusa','商品（ID:42）添加成功','1446387199','2130706433'),('324','1','yumiazusa','商品（ID:43）添加成功','1446388077','2130706433'),('325','1','yumiazusa','商品（ID:44）添加成功','1446388507','2130706433'),('326','1','yumiazusa','商品（ID:45）添加成功','1446388596','2130706433'),('327','1','yumiazusa','商品（ID:47）添加成功','1446389083','2130706433'),('328','1','yumiazusa','商品（ID:48）添加成功','1446389125','2130706433');/* MySQLReback Separation */
 /* 插入数据 `im_admin_logs` */
 INSERT INTO `im_admin_logs` VALUES ('329','1','yumiazusa','商品（ID:49）添加成功','1446389185','2130706433');/* MySQLReback Separation */
 /* 插入数据 `im_admin_logs` */
 INSERT INTO `im_admin_logs` VALUES ('330','1','yumiazusa','商品（ID:1）添加成功','1446389542','2130706433'),('331','1','yumiazusa','商品（ID:50）添加成功','1446390309','2130706433'),('332','1','yumiazusa','商品（ID:1）添加成功','1446390502','2130706433'),('333','1','yumiazusa','商品（ID:1）添加成功','1446390879','2130706433'),('334','1','yumiazusa','商品（ID:1）添加成功','1446391677','2130706433'),('335','1','yumiazusa','商品（ID:1）添加成功','1446391903','2130706433'),('336','1','yumiazusa','商品（ID:2）添加成功','1446391932','2130706433'),('337','1','yumiazusa','商品（ID:3）添加成功','1446391981','2130706433'),('338','1','yumiazusa','商品（ID:4）添加成功','1446392049','2130706433'),('339','1','yumiazusa','商品（ID:5）添加成功','1446392123','2130706433'),('340','1','yumiazusa','商品（ID:6）添加成功','1446392155','2130706433'),('341','1','yumiazusa','商品（ID:7）添加成功','1446392619','2130706433'),('342','1','yumiazusa','商品（ID:8）添加成功','1446392715','2130706433'),('343','1','yumiazusa','商品（ID:9）添加成功','1446392761','2130706433'),('344','1','yumiazusa','商品（ID:10）添加成功','1446392802','2130706433'),('345','1','yumiazusa','商品（ID:11）添加成功','1446392883','2130706433'),('346','1','yumiazusa','商品（ID:12）添加成功','1446392922','2130706433'),('347','1','yumiazusa','商品（ID:13）添加成功','1446393004','2130706433'),('348','1','yumiazusa','商品（ID:14）添加成功','1446393138','2130706433'),('349','1','yumiazusa','商品（ID:15）添加成功','1446393492','2130706433'),('350','1','yumiazusa','商品（ID:16）添加成功','1446393552','2130706433'),('351','1','yumiazusa','商品（ID:17）添加成功','1446393572','2130706433'),('352','1','yumiazusa','商品（ID:18）添加成功','1446393603','2130706433'),('353','1','yumiazusa','商品（ID:21）添加成功','1446429232','2130706433'),('354','1','yumiazusa','商品（ID:22）添加成功','1446429373','2130706433'),('355','1','yumiazusa','商品（ID:1）添加成功','1446430612','2130706433'),('356','1','yumiazusa','商品（ID:3）添加成功','1446431123','2130706433'),('357','1','yumiazusa','商品（ID:4）添加成功','1446431154','2130706433'),('358','1','yumiazusa','商品（ID:5）添加成功','1446431335','2130706433'),('359','1','yumiazusa','商品（ID:6）添加成功','1446431454','2130706433'),('360','1','yumiazusa','商品（ID:7）添加成功','1446431531','2130706433'),('361','1','yumiazusa','商品（ID:1）添加成功','1446431632','2130706433'),('362','1','yumiazusa','商品（ID:2）添加成功','1446431697','2130706433'),('363','1','yumiazusa','商品（ID:3）添加成功','1446431730','2130706433'),('364','1','yumiazusa','商品（ID:1）添加成功','1446432098','2130706433'),('365','1','yumiazusa','商品（ID:51）添加成功','1446432411','2130706433'),('366','1','yumiazusa','商品（ID:52）添加成功','1446433005','2130706433'),('367','1','yumiazusa','商品（ID:53）添加成功','1446433378','2130706433'),('368','1','yumiazusa','商品（ID:59）添加成功','1446435149','2130706433'),('369','1','yumiazusa','商品（ID:60）添加成功','1446435309','2130706433'),('370','1','yumiazusa','商品（ID:61）添加成功','1446435929','2130706433'),('371','1','yumiazusa','商品（ID:62）添加成功','1446435983','2130706433'),('372','1','yumiazusa','商品（ID:63）添加成功','1446436634','2130706433'),('373','1','yumiazusa','商品（ID:64）添加成功','1446445188','2130706433'),('374','1','yumiazusa','商品（ID:65）添加成功','1446445260','2130706433'),('375','1','yumiazusa','商品（ID:66）添加成功','1446446009','2130706433'),('376','1','yumiazusa','商品（ID:66）修改成功','1446518366','2130706433'),('377','1','yumiazusa','商品（ID:66）修改成功','1446518404','2130706433'),('378','1','yumiazusa','商品（ID:66）修改成功','1446518517','2130706433'),('379','1','yumiazusa','商品（ID:66）修改成功','1446518584','2130706433'),('380','1','yumiazusa','商品（ID:66）修改成功','1446518596','2130706433'),('381','1','yumiazusa','商品（ID:66）修改成功','1446518617','2130706433'),('382','1','yumiazusa','商品（ID:66）修改成功','1446518628','2130706433'),('383','1','yumiazusa','商品（ID:66）修改成功','1446518643','2130706433'),('384','1','yumiazusa','商品（ID:66）修改成功','1446518785','2130706433'),('385','1','yumiazusa','商品（ID:66）修改成功','1446518793','2130706433'),('386','1','yumiazusa','商品（ID:66）修改成功','1446518799','2130706433'),('387','1','yumiazusa','商品（ID:66）修改成功','1446518807','2130706433'),('388','1','yumiazusa','商品（ID:66）修改成功','1446518825','2130706433'),('389','1','yumiazusa','商品（ID:66）修改成功','1446518836','2130706433'),('390','1','yumiazusa','商品（ID:66）修改成功','1446518871','2130706433'),('391','1','yumiazusa','商品（ID:66）修改成功','1446518903','2130706433'),('392','1','yumiazusa','商品（ID:66）修改成功','1446519314','2130706433');/* MySQLReback Separation */
 /* 插入数据 `im_admin_logs` */
 INSERT INTO `im_admin_logs` VALUES ('393','1','yumiazusa','商品（ID:66）修改成功','1446519332','2130706433');/* MySQLReback Separation */
 /* 插入数据 `im_admin_logs` */
 INSERT INTO `im_admin_logs` VALUES ('394','1','yumiazusa','商品（ID:66）修改成功','1446519475','2130706433'),('395','1','yumiazusa','商品（ID:66）修改成功','1446519486','2130706433'),('396','1','yumiazusa','商品（ID:66）修改成功','1446519561','2130706433'),('397','1','yumiazusa','商品（ID:66）修改成功','1446519650','2130706433'),('398','1','yumiazusa','商品（ID:66）修改成功','1446519687','2130706433'),('399','1','yumiazusa','商品（ID:66）修改成功','1446519737','2130706433'),('400','1','yumiazusa','商品（ID:66）修改成功','1446519753','2130706433'),('401','1','yumiazusa','商品（ID:66）修改成功','1446519770','2130706433'),('402','1','yumiazusa','商品（ID:66）修改成功','1446519781','2130706433'),('403','1','yumiazusa','商品（ID:66）修改成功','1446519815','2130706433'),('404','1','yumiazusa','商品（ID:38）修改成功','1446519844','2130706433'),('405','1','yumiazusa','商品（ID:66）修改成功','1446522555','2130706433'),('406','1','yumiazusa','商品（ID:66）修改成功','1446522591','2130706433'),('407','1','yumiazusa','商品（ID:66）修改成功','1446539777','2130706433'),('408','1','yumiazusa','商品（ID:66）修改成功','1446539809','2130706433'),('409','1','yumiazusa','商品（ID:66）修改成功','1446539841','2130706433'),('410','1','yumiazusa','商品（ID:66）已成功加入回收站','1446541937','2130706433'),('411','1','yumiazusa','商品（ID:66）已从回收站移出','1446541949','2130706433'),('412','1','yumiazusa','商品（ID:67）添加成功','1446542038','2130706433'),('413','1','yumiazusa','商品（ID:68）添加成功','1446542064','2130706433'),('414','1','yumiazusa','商品（ID:66）参数添加成功','1446561766','2130706433'),('415','1','yumiazusa','商品（ID:66）参数编辑成功','1446566342','2130706433'),('416','1','yumiazusa','商品（ID:66）参数添加成功','1446566403','2130706433'),('417','1','yumiazusa','商品（ID:76）参数删除成功','1446566409','2130706433'),('418','1','yumiazusa','商品（ID:66）修改成功','1446645289','2130706433'),('419','1','yumiazusa','商品（ID:66）修改成功','1446648245','2130706433'),('420','1','yumiazusa','商品（PRO_ID:66）库存更新成功','1446738954','2130706433'),('421','1','yumiazusa','商品（PRO_ID:38）库存更新成功','1446739045','2130706433'),('422','1','yumiazusa','商品（PRO_ID:66）库存更新成功','1446742705','2130706433'),('423','1','yumiazusa','商品（PRO_ID:66）库存更新成功','1446742718','2130706433'),('424','1','yumiazusa','商品（PRO_ID:66）库存更新成功','1446743226','2130706433'),('425','1','yumiazusa','商品（PRO_ID:66）库存更新成功','1446743248','2130706433'),('426','1','yumiazusa','商品（ID:66）修改成功','1446978588','2130706433'),('427','1','yumiazusa','商品（ID:66）修改成功','1446978598','2130706433'),('428','1','yumiazusa','商品（PRO_ID:38）促销更新成功','1447080382','2130706433'),('429','1','yumiazusa','商品（PRO_ID:66）促销更新成功','1447080524','2130706433'),('430','1','yumiazusa','商品（PRO_ID:66）促销更新成功','1447080539','2130706433'),('431','1','yumiazusa','商品（PRO_ID:66）促销更新成功','1447080884','2130706433'),('432','1','yumiazusa','商品（PRO_ID:66）促销更新成功','1447081962','2130706433'),('433','1','yumiazusa','商品（PRO_ID:66）促销更新成功','1447082116','2130706433'),('434','1','yumiazusa','商品（PRO_ID:66）促销更新成功','1447082432','2130706433'),('435','1','yumiazusa','商品（PRO_ID:66）促销更新成功','1447082470','2130706433'),('436','1','yumiazusa','商品（PRO_ID:66）促销更新成功','1447082558','2130706433'),('437','1','yumiazusa','商品（PRO_ID:66）促销更新成功','1447082602','2130706433'),('438','1','yumiazusa','商品（PRO_ID:66）促销更新成功','1447082615','2130706433'),('439','1','yumiazusa','商品（PRO_ID:66）促销更新成功','1447083162','2130706433'),('440','1','yumiazusa','商品（PRO_ID:66）促销更新成功','1447083200','2130706433'),('441','1','yumiazusa','商品（PRO_ID:66）促销更新成功','1447083260','2130706433'),('442','1','yumiazusa','商品（PRO_ID:66）促销更新成功','1447083371','2130706433'),('443','1','yumiazusa','商品（PRO_ID:66）促销更新成功','1447083487','2130706433'),('444','1','yumiazusa','商品（PRO_ID:66）促销更新成功','1447086965','2130706433'),('445','1','yumiazusa','商品（PRO_ID:66）促销更新成功','1447337482','2130706433'),('446','1','yumiazusa','商品（PRO_ID:）促销更新成功','1447338590','2130706433'),('447','1','yumiazusa','商品（PRO_ID:）促销更新成功','1447339004','2130706433'),('448','1','yumiazusa','商品（PRO_ID:66）促销更新成功','1447339071','2130706433'),('449','1','yumiazusa','商品（PRO_ID:66）促销更新成功','1447339106','2130706433'),('450','1','yumiazusa','商品（PRO_ID:66）促销更新成功','1447339228','2130706433'),('451','1','yumiazusa','商品（PRO_ID:66）促销更新成功','1447343822','2130706433');/* MySQLReback Separation */
 /* 插入数据 `im_admin_logs` */
 INSERT INTO `im_admin_logs` VALUES ('452','1','yumiazusa','商品（PRO_ID:66）促销更新成功','1447344973','2130706433');/* MySQLReback Separation */
 /* 插入数据 `im_admin_logs` */
 INSERT INTO `im_admin_logs` VALUES ('453','1','yumiazusa','商品（PRO_ID:66）促销更新成功','1447344982','2130706433'),('454','1','yumiazusa','商品（PRO_ID:66）促销更新成功','1447345191','2130706433'),('455','1','yumiazusa','商品（PRO_ID:66）促销更新成功','1447345522','2130706433'),('456','1','yumiazusa','商品（PRO_ID:66）促销更新成功','1447345604','2130706433'),('457','1','yumiazusa','商品（PRO_ID:66）促销更新成功','1447345807','2130706433'),('458','1','yumiazusa','商品（ID:66）修改成功','1447345879','2130706433'),('459','1','yumiazusa','商品（ID:66）修改成功','1447346341','2130706433'),('460','1','yumiazusa','商品（ID:66）修改成功','1447346965','2130706433'),('461','1','yumiazusa','商品（ID:66）修改成功','1448084555','2130706433'),('462','1','yumiazusa','商品（ID:67）添加成功','1448091334','2130706433'),('463','1','yumiazusa','商品（ID:68）添加成功','1448091699','2130706433'),('464','1','yumiazusa','商品（ID:69）添加成功','1448092292','2130706433'),('465','1','yumiazusa','商品（ID:70）添加成功','1448092618','2130706433'),('466','1','yumiazusa','商品（ID:71）添加成功','1448092658','2130706433'),('467','1','yumiazusa','商品（ID:38）已成功加入回收站','1448092668','2130706433'),('468','1','yumiazusa','商品（ID:38）已从回收站移出','1448092684','2130706433'),('469','1','yumiazusa','商品分类（ATTR_ID:2）修改成功','1448161746','2130706433'),('470','1','yumiazusa','商品分类（CAT_ID:28）添加成功','1448162899','2130706433'),('471','1','yumiazusa','商品分类（CAT_ID:29）添加成功','1448163502','2130706433'),('472','1','yumiazusa','商品分类（CAT_ID:30）添加成功','1448163861','2130706433'),('473','1','yumiazusa','商品分类（ATTR_ID:30）删除成功','1448164126','2130706433'),('474','1','yumiazusa','商品分类（CAT_ID:31）添加成功','1448164143','2130706433'),('475','1','yumiazusa','商品分类（CAT_ID:32）添加成功','1448164467','2130706433'),('476','1','yumiazusa','商品分类（ATTR_ID:32）修改成功','1448164528','2130706433'),('477','1','yumiazusa','商品分类（ATTR_ID:32）修改成功','1448164543','2130706433'),('478','1','yumiazusa','商品分类（ATTR_ID:1）修改成功','1448164587','2130706433'),('479','1','yumiazusa','商品分类（ATTR_ID:2）修改成功','1448164633','2130706433'),('480','1','yumiazusa','商品分类（ATTR_ID:3）修改成功','1448164649','2130706433'),('481','1','yumiazusa','SEO（SEO_IDENT:123）添加成功','1448169599','2130706433'),('482','1','yumiazusa','SEO（SEO_IDENT:123123）添加成功','1448170029','2130706433'),('483','1','yumiazusa','SEO（SEO_ID:4）删除成功','1448170848','2130706433'),('484','1','yumiazusa','SEO（SEO_IDENT:111）添加成功','1448178599','2130706433'),('485','1','yumiazusa','SEO（SEO_ID:5）修改成功','1448178771','2130706433'),('486','1','yumiazusa','SEO（SEO_ID:5）修改成功','1448178835','2130706433'),('487','1','yumiazusa','SEO（SEO_ID:5）修改成功','1448178848','2130706433'),('488','1','yumiazusa','SEO（SEO_ID:5）修改成功','1448178857','2130706433'),('489','1','yumiazusa','SEO（SEO_ID:5）修改成功','1448178954','2130706433'),('490','1','yumiazusa','SEO（SEO_ID:5）修改成功','1448178960','2130706433'),('491','1','yumiazusa','SEO（SEO_ID:5）修改成功','1448178966','2130706433'),('492','1','yumiazusa','SEO（SEO_ID:5）删除成功','1448179051','2130706433'),('493','1','yumiazusa','SEO（SEO_IDENT:23）添加成功','1448179161','2130706433'),('494','1','yumiazusa','SEO（SEO_ID:6）删除成功','1448179165','2130706433'),('495','1','yumiazusa','商品（ID:66）修改成功','1448208466','2130706433'),('496','1','yumiazusa','商品（ID:66）修改成功','1448208487','2130706433'),('497','1','yumiazusa','商品（ID:66）修改成功','1448247962','2130706433'),('498','1','yumiazusa','商品（ID:38）修改成功','1448249140','2130706433'),('499','1','yumiazusa','商品（PRO_ID:38）促销更新成功','1448249248','2130706433'),('500','1','yumiazusa','商品（ID:38）修改成功','1448249277','2130706433'),('501','1','yumiazusa','商品（PRO_ID:38）促销更新成功','1448249295','2130706433'),('502','1','yumiazusa','商品（ID:66）修改成功','1448249314','2130706433'),('503','1','yumiazusa','商品（PRO_ID:38）促销更新成功','1448249359','2130706433'),('504','1','yumiazusa','商品（ID:38）修改成功','1448249368','2130706433'),('505','1','yumiazusa','商品（ID:66）修改成功','1448249382','2130706433'),('506','1','yumiazusa','商品（ID:66）修改成功','1448249402','2130706433'),('507','1','yumiazusa','商品（ID:38）修改成功','1448249412','2130706433'),('508','1','yumiazusa','商品（ID:66）修改成功','1448249445','2130706433'),('509','1','yumiazusa','商品（ID:38）修改成功','1448249459','2130706433'),('510','1','yumiazusa','商品（ID:38）修改成功','1448250214','2130706433'),('511','1','yumiazusa','商品（ID:38）修改成功','1448335930','2130706433'),('512','1','yumiazusa','商品（ID:66）修改成功','1448336091','2130706433');/* MySQLReback Separation */
 /* 插入数据 `im_admin_logs` */
 INSERT INTO `im_admin_logs` VALUES ('513','1','yumiazusa','商品（ID:66）修改成功','1448336650','2130706433');/* MySQLReback Separation */
 /* 插入数据 `im_admin_logs` */
 INSERT INTO `im_admin_logs` VALUES ('514','1','yumiazusa','商品（ID:67）添加成功','1448337378','2130706433'),('515','1','yumiazusa','商品（ID:67）已成功加入回收站','1448337406','2130706433'),('516','1','yumiazusa','商品（ID:66）修改成功','1448337455','2130706433'),('517','1','yumiazusa','商品（ID:68）添加成功','1448337993','2130706433'),('518','1','yumiazusa','商品（ID:68）修改成功','1448338010','2130706433'),('519','1','yumiazusa','商品（ID:68）已成功加入回收站','1448338036','2130706433'),('520','1','yumiazusa','商品（ID:68）删除成功','1448338043','2130706433'),('521','1','yumiazusa','商品（ID:38）修改成功','1448338078','2130706433'),('522','1','yumiazusa','商品（ID:67）添加成功','1448419702','2130706433'),('523','1','yumiazusa','商品（ID:67）修改成功','1448419752','2130706433'),('524','1','yumiazusa','商品（ID:67）修改成功','1448419817','2130706433'),('525','1','yumiazusa','商品（ID:67）修改成功','1448420539','2130706433'),('526','1','yumiazusa','商品（PRO_ID:67）库存更新成功','1448420598','2130706433'),('527','1','yumiazusa','商品（ID:67）参数添加成功','1448420982','2130706433'),('528','1','yumiazusa','商品（ID:67）已成功加入回收站','1448422802','2130706433'),('529','1','yumiazusa','商品（ID:68）添加成功','1448423404','2130706433'),('530','1','yumiazusa','商品（ID:68）已成功加入回收站','1448423411','2130706433'),('531','1','yumiazusa','商品（ID:69）添加成功','1448427153','2130706433'),('532','1','yumiazusa','商品（PRO_ID:69）库存更新成功','1448427171','2130706433'),('533','1','yumiazusa','商品（ID:69）参数添加成功','1448427202','2130706433'),('534','1','yumiazusa','商品（PRO_ID:69）促销更新成功','1448427218','2130706433'),('535','1','yumiazusa','商品（ID:69）已成功加入回收站','1448427471','2130706433'),('536','1','yumiazusa','商品（ID:69）删除成功','1448427510','2130706433'),('537','1','yumiazusa','商品（ID:70）添加成功','1448428345','2130706433'),('538','1','yumiazusa','商品（ID:71）添加成功','1448428364','2130706433'),('539','1','yumiazusa','商品（ID:71）已成功加入回收站','1448428494','2130706433'),('540','1','yumiazusa','商品（ID:71）已成功加入回收站','1448428538','2130706433'),('541','1','yumiazusa','商品（ID:72）添加成功','1448428743','2130706433'),('542','1','yumiazusa','商品（ID:73）添加成功','1448428762','2130706433'),('543','1','yumiazusa','商品（ID:73）参数添加成功','1448428778','2130706433'),('544','1','yumiazusa','商品（ID:73）修改成功','1448428816','2130706433'),('545','1','yumiazusa','商品（PRO_ID:73）库存更新成功','1448428833','2130706433'),('546','1','yumiazusa','商品（ID:72）修改成功','1448428879','2130706433'),('547','1','yumiazusa','商品（ID:72）参数添加成功','1448428903','2130706433'),('548','1','yumiazusa','商品（PRO_ID:72）库存更新成功','1448428917','2130706433'),('549','1','yumiazusa','商品（PRO_ID:73）促销更新成功','1448428981','2130706433'),('550','1','yumiazusa','商品（PRO_ID:72）促销更新成功','1448428990','2130706433'),('551','1','yumiazusa','商品（ID:38）修改成功','1448439741','2130706433'),('552','1','yumiazusa','商品（ID:66）修改成功','1448439758','2130706433'),('553','1','yumiazusa','商品（ID:66）修改成功','1448440003','2130706433'),('554','1','yumiazusa','商品（PRO_ID:38）促销更新成功','1448440038','2130706433'),('555','1','yumiazusa','商品（ID:66）修改成功','1448467520','2130706433'),('556','1','yumiazusa','商品（PRO_ID:38）库存更新成功','1448552751','2130706433'),('557','1','yumiazusa','商品（PRO_ID:38）库存更新成功','1448552830','2130706433'),('558','1','yumiazusa','商品（PRO_ID:66）库存更新成功','1448553352','2130706433'),('559','1','yumiazusa','商品（PRO_ID:66）库存更新成功','1448762306','2130706433'),('560','1','yumiazusa','商品（PRO_ID:66）库存更新成功','1448762409','2130706433'),('561','1','yumiazusa','商品（PRO_ID:66）库存更新成功','1448762430','2130706433'),('562','1','yumiazusa','商品（PRO_ID:66）库存更新成功','1448762445','2130706433'),('563','1','yumiazusa','商品（PRO_ID:66）库存更新成功','1448762467','2130706433'),('564','1','yumiazusa','商品（ID:67）添加成功','1449044612','2130706433'),('565','1','yumiazusa','商品（ID:68）添加成功','1449044824','2130706433'),('566','1','yumiazusa','商品（ID:68）修改成功','1449045021','2130706433'),('567','1','yumiazusa','商品（ID:68）修改成功','1449045097','2130706433'),('568','1','yumiazusa','商品（ID:68）修改成功','1449045108','2130706433'),('569','1','yumiazusa','商品（ID:68）修改成功','1449045285','2130706433'),('570','1','yumiazusa','商品（ID:68）修改成功','1449045336','2130706433'),('571','1','yumiazusa','商品（ID:68）修改成功','1449045344','2130706433'),('572','1','yumiazusa','商品（ID:68）修改成功','1449045357','2130706433');/* MySQLReback Separation */
 /* 插入数据 `im_admin_logs` */
 INSERT INTO `im_admin_logs` VALUES ('573','1','yumiazusa','商品（ID:68）修改成功','1449045370','2130706433');/* MySQLReback Separation */
 /* 插入数据 `im_admin_logs` */
 INSERT INTO `im_admin_logs` VALUES ('574','1','yumiazusa','商品（ID:68）修改成功','1449045397','2130706433'),('575','1','yumiazusa','商品（ID:68）修改成功','1449045438','2130706433'),('576','1','yumiazusa','商品（ID:68）修改成功','1449045460','2130706433'),('577','1','yumiazusa','商品（ID:68）修改成功','1449045518','2130706433'),('578','1','yumiazusa','商品（ID:68）修改成功','1449045530','2130706433'),('579','1','yumiazusa','商品（ID:68）修改成功','1449045572','2130706433'),('580','1','yumiazusa','商品（ID:68）修改成功','1449045595','2130706433'),('581','1','yumiazusa','商品（ID:68）修改成功','1449045733','2130706433'),('582','1','yumiazusa','商品（ID:68）修改成功','1449045901','2130706433'),('583','1','yumiazusa','商品（ID:68）修改成功','1449062940','2130706433'),('584','1','yumiazusa','商品（ID:68）修改成功','1449063038','2130706433'),('585','1','yumiazusa','商品（PRO_ID:68）库存更新成功','1449063062','2130706433'),('586','1','yumiazusa','商品（PRO_ID:38）促销更新成功','1449902833','2130706433'),('587','1','yumiazusa','商品（ID:38）修改成功','1449902865','2130706433'),('588','1','yumiazusa','商品（PRO_ID:38）库存更新成功','1449902884','2130706433'),('589','1','yumiazusa','商品（PRO_ID:38）库存更新成功','1449903099','2130706433'),('590','1','yumiazusa','商品（PRO_ID:38）库存更新成功','1449903108','2130706433'),('591','1','yumiazusa','商品（PRO_ID:38）促销更新成功','1449909156','2130706433'),('592','1','yumiazusa','商品（PRO_ID:38）促销更新成功','1449940504','2130706433'),('593','1','yumiazusa','商品（PRO_ID:38）促销更新成功','1449940535','2130706433'),('594','1','yumiazusa','商品（PRO_ID:38）促销更新成功','1449940648','2130706433'),('595','1','yumiazusa','商品（PRO_ID:38）促销更新成功','1449940691','2130706433'),('596','1','yumiazusa','商品（PRO_ID:38）促销更新成功','1449941243','2130706433'),('597','1','yumiazusa','商品（PRO_ID:38）促销更新成功','1449941388','2130706433'),('598','1','yumiazusa','商品（PRO_ID:38）促销更新成功','1449942469','2130706433'),('599','1','yumiazusa','商品（PRO_ID:38）促销更新成功','1449943338','2130706433'),('600','1','yumiazusa','商品（ID:68）修改成功','1450014788','2130706433'),('601','1','yumiazusa','商品（PRO_ID:38）促销更新成功','1450014835','2130706433'),('602','1','yumiazusa','商品（PRO_ID:68）库存更新成功','1450016372','2130706433'),('603','1','yumiazusa','商品（PRO_ID:38）促销更新成功','1450016678','2130706433'),('604','1','yumiazusa','商品（PRO_ID:38）促销更新成功','1450016850','2130706433'),('605','1','yumiazusa','商品（PRO_ID:38）促销更新成功','1450023538','2130706433'),('606','1','yumiazusa','商品（PRO_ID:38）库存更新成功','1450026727','2130706433'),('607','1','yumiazusa','商品（PRO_ID:38）促销更新成功','1450110403','2130706433'),('608','1','yumiazusa','商品（ID:66）修改成功','1450114205','2130706433'),('609','1','yumiazusa','商品（PRO_ID:66）库存更新成功','1450114229','2130706433'),('610','1','yumiazusa','商品（PRO_ID:66）促销更新成功','1450114258','2130706433'),('611','1','yumiazusa','商品（PRO_ID:66）促销更新成功','1450115741','2130706433'),('612','1','yumiazusa','商品（ID:66）修改成功','1450115778','2130706433'),('613','1','yumiazusa','商品（PRO_ID:66）库存更新成功','1450115805','2130706433'),('614','1','yumiazusa','商品（PRO_ID:66）促销更新成功','1450115832','2130706433'),('615','1','yumiazusa','用户（UID：1）对订单id为3的订单增加了1物流123123','1450182402','2130706433'),('616','1','yumiazusa','商品（PRO_ID:38）促销更新成功','1450187864','2130706433');/* MySQLReback Separation */
 /* 创建表结构 `im_admin_role`  */
 DROP TABLE IF EXISTS `im_admin_role`;/* MySQLReback Separation */ CREATE TABLE `im_admin_role` (
  `id` int(10) unsigned NOT NULL AUTO_INCREMENT,
  `role_name` varchar(32) NOT NULL DEFAULT '',
  `role_power` text NOT NULL,
  PRIMARY KEY (`id`)
) ENGINE=MyISAM AUTO_INCREMENT=2 DEFAULT CHARSET=utf8;/* MySQLReback Separation */
 /* 插入数据 `im_admin_role` */
 INSERT INTO `im_admin_role` VALUES ('1','超级管理员','{\'config\':[\'a\', \'b\']}');/* MySQLReback Separation */
 /* 创建表结构 `im_admin_users`  */
 DROP TABLE IF EXISTS `im_admin_users`;/* MySQLReback Separation */ CREATE TABLE `im_admin_users` (
  `id` int(10) unsigned NOT NULL AUTO_INCREMENT,
  `role_id` int(10) unsigned NOT NULL DEFAULT '0',
  `username` varchar(32) NOT NULL DEFAULT '',
  `password` char(40) NOT NULL DEFAULT '',
  `create_time` int(11) NOT NULL DEFAULT '0',
  `last_login_time` int(11) NOT NULL DEFAULT '0',
  `last_login_ip` bigint(11) NOT NULL DEFAULT '0',
  `login_times` int(10) unsigned NOT NULL DEFAULT '0',
  `status` tinyint(1) NOT NULL DEFAULT '1',
  PRIMARY KEY (`id`)
) ENGINE=MyISAM AUTO_INCREMENT=14 DEFAULT CHARSET=utf8;/* MySQLReback Separation */
 /* 插入数据 `im_admin_users` */
 INSERT INTO `im_admin_users` VALUES ('1','1','yumiazusa','5138b202d25f7a030b061c3d909b286cdbebc9fb','1443706072','1450181942','2130706433','83','1'),('10','3','laojianb','5138b202d25f7a030b061c3d909b286cdbebc9fb','1443718145','1444404896','2130706433','2','1'),('11','2','laojianb2','5138b202d25f7a030b061c3d909b286cdbebc9fb','1443718487','1444404957','2130706433','17','1');/* MySQLReback Separation */
 /* 创建表结构 `im_adv_position`  */
 DROP TABLE IF EXISTS `im_adv_position`;/* MySQLReback Separation */ CREATE TABLE `im_adv_position` (
  `id` int(10) unsigned NOT NULL AUTO_INCREMENT COMMENT '广告位编号',
  `p_name` varchar(63) NOT NULL DEFAULT '' COMMENT '广告位名称',
  `adv_width` smallint(5) NOT NULL DEFAULT '0' COMMENT '广告宽度',
  `adv_height` smallint(5) NOT NULL DEFAULT '0' COMMENT '广告高度',
  `p_desc` varchar(255) NOT NULL DEFAULT '' COMMENT '描述',
  PRIMARY KEY (`id`)
) ENGINE=MyISAM AUTO_INCREMENT=15 DEFAULT CHARSET=utf8;/* MySQLReback Separation */
 /* 插入数据 `im_adv_position` */
 INSERT INTO `im_adv_position` VALUES ('1','首页大图广告','580','1366','显示在首页的轮播大图'),('3','首页（手机精品）','400','800','网站首页，手机模块左侧大图'),('4','首页（手机模块-右上）','400','400','首页手机模块，右上角400 x 400图片'),('5','首页（手机模块-右下）','800','400','首页手机模块，右下角800 x 400图片'),('6','首页（平板模块-左）','488','551','首页平板广告位，左侧独立广告位 488 x 551'),('7','首页（平板模块-右）','350','360','首页平板广告位，右侧四个广告位 350 x 360图片'),('8','首页（穿戴模块-左右长图）','224','484','首页穿戴产品广告位，左下和右上两个广告位，224 x 484大小'),('9','首页（穿戴模块-上下宽图）','498','198','首页穿戴产品广告位，上下两宽图广告位， 498 x 198大小 '),('10','首页（穿戴模块-小图）','224','198','首页穿戴产品，小图224 x 198大小广告位'),('11','首页（配件模块-左上）','611','301','首页配件模块广告位，左上角长图广告位，大小 611 x 301'),('12','首页（配件模块 左侧小图）','301','301','首页配件，左侧非排行小图，大小301 x 301'),('13','产品列表页左侧','820','450','产品列表页，上部，左侧大图最大宽度 828 ，高度450'),('14','产品列表页右侧','341','450','产品列表页，右侧广告，宽度341，高度450');/* MySQLReback Separation */
 /* 创建表结构 `im_advs`  */
 DROP TABLE IF EXISTS `im_advs`;/* MySQLReback Separation */ CREATE TABLE `im_advs` (
  `id` int(10) unsigned NOT NULL AUTO_INCREMENT COMMENT '广告编号',
  `position_id` int(10) unsigned NOT NULL DEFAULT '0' COMMENT '广告位ID',
  `product_id` int(10) NOT NULL DEFAULT '0' COMMENT '产品ID',
  `adv_name` varchar(128) NOT NULL DEFAULT '' COMMENT '广告名称',
  `adv_desc` varchar(128) NOT NULL DEFAULT '' COMMENT '广告描述',
  `thumbnail` varchar(128) NOT NULL DEFAULT '' COMMENT '图片地址',
  `link_url` varchar(128) NOT NULL DEFAULT '' COMMENT '链接地址',
  `sort` tinyint(1) NOT NULL DEFAULT '0' COMMENT '排序',
  `add_time` int(11) NOT NULL DEFAULT '0' COMMENT '添加时间',
  `is_show` tinyint(1) NOT NULL DEFAULT '1' COMMENT '是否显示',
  PRIMARY KEY (`id`)
) ENGINE=MyISAM AUTO_INCREMENT=28 DEFAULT CHARSET=utf8;/* MySQLReback Separation */
 /* 插入数据 `im_advs` */
 INSERT INTO `im_advs` VALUES ('1','1','38','薄动心弦 K歌之王','薄动心弦 K歌之王','2015-10-11/56193bd039c6a.jpg','http://www.baidu.com','0','1421254303','1'),('2','1','38','X5 4G HiFi极致体验','X5 4G HiFi极致体验','2015-01-15/54b6a3ff932b9.jpg','http://www.baidu.com','0','1421255679','1'),('3','1','38','MX Pro 更好用的手机','MX Pro 更好用的手机','2015-01-15/54b6a4b392059.jpg','http://www.baidu.com','0','1421255859','1'),('4','3','38','华为G7','64位处理器 前置500万像素 双卡双待 直降101元直降101元','2015-01-22/54c0e05b7fa6c.jpg','http://www.baidu.com','0','1421926491','1'),('5','4','38','elife s5.5l','64位处理器 前置500万像素 双卡双待 直降101元直降101元','2015-01-25/54c4fc24cde78.jpg','http://www.baidu.com','0','1421926556','1'),('6','4','38','金立S5.1 完美工艺','64位处理器 前置500万像素 双卡双待 直降101元直降101元','2015-01-25/54c4fce6b7f43.jpg','http://www.baidu.com','0','1421926631','1'),('7','5','38','努比亚','64位处理器 前置500万像素 双卡双待 直降101元直降101元','2015-01-25/54c4ff0de6781.jpg','http://www.baidu.com','0','1421926732','1'),('8','6','38','平板广告1','平板广告1','2015-01-23/54c1eaefc0ec0.jpg',null,'0','1421994735','1'),('9','7','38','平板广告2','平板广告2','2015-01-23/54c1eb23bb4cd.jpg',null,'0','1421994787','1'),('10','7','38','平板广告3','平板广告3','2015-01-23/54c1eb546aecd.jpg',null,'0','1421994836','1'),('11','7','38','平板广告4','平板广告4','2015-01-23/54c1eb83a0cea.jpg',null,'0','1421994883','1'),('12','7','38','平板广告5','平板广告5','2015-01-23/54c1eb98f228e.jpg',null,'0','1421994904','1'),('13','8','38','Max透明保护壳 A1030 Mini','Max透明保护壳 A1030 Mini','2015-01-23/54c1ef6ba38a7.jpg',null,'0','1421995883','1'),('14','8','38','Max透明保护壳 A1030 Mini','Max透明保护壳 A1030 Mini','2015-01-23/54c1ef924de62.jpg',null,'0','1421995922','1'),('15','9','38','Max透明保护壳 A1030 Mini','Max透明保护壳 A1030 Mini','2015-01-23/54c1efc07c32c.jpg',null,'0','1421995968','1'),('16','9','38','Max透明保护壳 A1030 Mini','Max透明保护壳 A1030 Mini','2015-01-23/54c1efd65e797.jpg',null,'0','1421995990','1'),('17','10','38','Max透明保护壳 A1030 Mini','Max透明保护壳 A1030 Mini','2015-01-23/54c1eff34f026.jpg',null,'0','1421996019','1'),('18','10','38','Max透明保护壳 A1030 Mini','Max透明保护壳 A1030 Mini','2015-01-23/54c1f020e7bf0.jpg',null,'0','1421996064','1'),('19','10','38','Max透明保护壳 A1030 Mini','Max透明保护壳 A1030 Mini','2015-01-23/54c1f040153e5.jpg',null,'0','1421996096','1'),('20','10','38','Max透明保护壳 A1030 Mini','Max透明保护壳 A1030 Mini','2015-01-23/54c1f053962da.jpg',null,'0','1421996115','1'),('21','11','38','配件广告1','配件广告1','2015-01-23/54c1f84c16e8f.jpg',null,'0','1421998156','1'),('22','12','38','配件广告2','配件广告二','2015-01-23/54c1f885ba501.jpg',null,'0','1421998213','1'),('23','12','38','配件广告3','配件广告3','2015-01-23/54c1f8b005432.jpg',null,'0','1421998256','1'),('24','12','38','配件广告4','配件广告4','2015-01-23/54c1f8c960ae5.jpg',null,'0','1421998281','1'),('25','12','38','配件广告5','配件广告5','2015-01-23/54c1f95df3499.png',null,'0','1421998430','1'),('26','13','38','列表页锤子广告-左','产品列表锤子广告','2015-01-23/54c20c6aa2f2b.png',null,'0','1422003306','0'),('27','14','38','列表页锤子广告-右','列表页锤子广告右','2015-10-11/56193b1a6bba3.jpg',null,'0','1422003404','0');/* MySQLReback Separation */
 /* 创建表结构 `im_archives`  */
 DROP TABLE IF EXISTS `im_archives`;/* MySQLReback Separation */ CREATE TABLE `im_archives` (
  `id` int(10) unsigned NOT NULL AUTO_INCREMENT COMMENT '单页编号',
  `title` varchar(32) NOT NULL DEFAULT '' COMMENT '单页名称',
  `symbol` varchar(32) NOT NULL DEFAULT '' COMMENT '单页标识',
  `keywords` varchar(128) NOT NULL DEFAULT '' COMMENT '关键字',
  `description` varchar(255) NOT NULL DEFAULT '' COMMENT '描述',
  `content` text NOT NULL COMMENT '内容',
  PRIMARY KEY (`id`)
) ENGINE=MyISAM DEFAULT CHARSET=utf8;/* MySQLReback Separation */
 /* 创建表结构 `im_attribute`  */
 DROP TABLE IF EXISTS `im_attribute`;/* MySQLReback Separation */ CREATE TABLE `im_attribute` (
  `id` mediumint(8) unsigned NOT NULL AUTO_INCREMENT COMMENT 'id',
  `attr_name` varchar(30) NOT NULL COMMENT '属性名称',
  `attr_type` enum('唯一','单选') NOT NULL COMMENT '属性类型',
  `attr_values` varchar(300) NOT NULL DEFAULT '' COMMENT '属性的可选值',
  `type_id` mediumint(8) unsigned NOT NULL COMMENT '所属类型',
  PRIMARY KEY (`id`),
  KEY `type_id` (`type_id`)
) ENGINE=MyISAM AUTO_INCREMENT=15 DEFAULT CHARSET=utf8 COMMENT='属性';/* MySQLReback Separation */
 /* 插入数据 `im_attribute` */
 INSERT INTO `im_attribute` VALUES ('11','尺码','单选','s,m,x,xl','8'),('12','产地','唯一',null,'8'),('13','品牌','唯一',null,'9'),('14','样式','单选','直板,滑盖,翻盖,全触摸屏','9');/* MySQLReback Separation */
 /* 创建表结构 `im_auth_group`  */
 DROP TABLE IF EXISTS `im_auth_group`;/* MySQLReback Separation */ CREATE TABLE `im_auth_group` (
  `id` mediumint(8) unsigned NOT NULL AUTO_INCREMENT,
  `title` char(100) NOT NULL DEFAULT '',
  `status` tinyint(1) NOT NULL DEFAULT '1',
  `rules` varchar(20000) NOT NULL,
  `describe` char(50) NOT NULL DEFAULT '',
  PRIMARY KEY (`id`)
) ENGINE=MyISAM AUTO_INCREMENT=19 DEFAULT CHARSET=utf8;/* MySQLReback Separation */
 /* 插入数据 `im_auth_group` */
 INSERT INTO `im_auth_group` VALUES ('1','超级管理员','1',null,'拥有全部权限'),('2','网站管理员','1','24','拥有相对多的权限'),('3','发布人员','1','2,15,16,17','拥有发布、修改文章的权限'),('6','积分大于50小于200','1','2,16','积分大于50小于200'),('7','积分大于200','1','2,17','积分大于200'),('8','默认组','1','2,1,3','拥有一些通用的权限'),('10','测试2','1','2,3,4,5,46,47,48','测试22');/* MySQLReback Separation */
 /* 创建表结构 `im_auth_group_access`  */
 DROP TABLE IF EXISTS `im_auth_group_access`;/* MySQLReback Separation */ CREATE TABLE `im_auth_group_access` (
  `uid` mediumint(8) unsigned NOT NULL,
  `group_id` mediumint(8) unsigned NOT NULL,
  UNIQUE KEY `uid_group_id` (`uid`,`group_id`),
  KEY `uid` (`uid`),
  KEY `group_id` (`group_id`)
) ENGINE=MyISAM DEFAULT CHARSET=utf8;/* MySQLReback Separation */
 /* 插入数据 `im_auth_group_access` */
 INSERT INTO `im_auth_group_access` VALUES ('1','1'),('10','3'),('11','2');/* MySQLReback Separation */
 /* 创建表结构 `im_auth_rule`  */
 DROP TABLE IF EXISTS `im_auth_rule`;/* MySQLReback Separation */ CREATE TABLE `im_auth_rule` (
  `id` mediumint(8) unsigned NOT NULL AUTO_INCREMENT,
  `name` char(80) NOT NULL DEFAULT '',
  `title` char(20) NOT NULL DEFAULT '',
  `type` tinyint(1) NOT NULL DEFAULT '1',
  `status` tinyint(1) NOT NULL DEFAULT '1',
  `condition` char(100) NOT NULL DEFAULT '',
  `pid` int(11) DEFAULT NULL,
  PRIMARY KEY (`id`),
  UNIQUE KEY `name` (`name`)
) ENGINE=MyISAM AUTO_INCREMENT=351 DEFAULT CHARSET=utf8;/* MySQLReback Separation */
 /* 插入数据 `im_auth_rule` */
 INSERT INTO `im_auth_rule` VALUES ('1','Admin/SystemConfig/webConfig','网站配置','1','1',null,'2'),('2','Admin/Administrator/index','管理员','1','1',null,'4'),('3','Administrator/userAdd','添加管理员','1','1',null,'4'),('4','Administrator/userEdit','编辑管理员','1','1',null,'4'),('5','Administrator/userDelete','删除管理员','1','1',null,'4'),('6','Email/index','邮件配置','1','1',null,'2'),('7','Pay/index','支付配置','1','1',null,'2'),('8','Shipping/index','物流管理','1','1',null,'2'),('9','Shipping/shippingAdd','添加物流','1','1',null,'2'),('10','Shipping/shippingEdit','编辑物流','1','1',null,'2'),('11','Shipping/doShippingDelete','删除物流','1','1',null,'2'),('12','AdvPosition/advManager','广告管理','1','1',null,'2'),('13','AdvPosition/addAdv','添加广告','1','1',null,'2'),('14','AdvPosition/editAdv','编辑广告','1','1',null,'2'),('15','AdvPosition/delAdv','删除广告','1','1',null,'2'),('16','User/index','用户管理','1','1',null,'3'),('17','User/userEdit','修改用户','1','1',null,'2'),('18','Product/productList','商品管理','1','1',null,'2'),('19','Product/productAdd','添加商品','1','1',null,'2'),('20','Product/productEdit','修改商品','1','1',null,'2'),('21','OrderInfo/index','订单管理','1','1',null,'2'),('22','SupportDown/fileList','售后管理','1','1',null,'2'),('23','SupportDown/downCate','添加下载分类','1','1',null,'2'),('24','Admin/Index/index','后台首页','1','1',null,'2'),('25','Jurisdiction/group','创建权限','1','1',null,'3'),('26','SupportDown/down','添加下载文件','1','1',null,'2'),('27','Faq/articleList','常见问题','1','1',null,'2'),('28','SupportMap/index','网点查询','1','1',null,'2'),('29','SaleService/returnProduct','退货商品','1','1',null,'2'),('30','SaleService/changeProduct','换货商品','1','1',null,'2'),('31','SaleService/prepareProduct','维修商品','1','1',null,'2'),('32','Links/linksmanager','友情链接','1','1',null,'2'),('33','Jurisdiction/buttons','文章管理','1','1',null,'2'),('34','News/newsManager','新闻管理','1','1',null,'2'),('35','News/CategoryList','新闻分类管理','1','1',null,'2'),('36','Video/setVideo','视频管理','1','1',null,'2'),('37','Product/productParamAdd','商品参数','1','1',null,'2'),('38','Product/toggleOnSale','商品下架','1','1',null,'2'),('39','Admin/Product/addProductToRecycle','商品回收站','1','1',null,'2'),('40','User/userAddress','用户的收货地址','1','1',null,'2'),('41','User/productParamAdd','查询订单','1','1',null,'2'),('42','User/toggleOnSale','交易明细','1','1',null,'2'),('43','User/addProductToRecycle','禁用用户','1','1',null,'2'),('44','Feedback/index','用户留言','1','1',null,'2'),('45','User/userAdd','添加会员','1','1',null,'2'),('46','Administrator/doUserEdit','保存管理员信息','1','1',null,'4'),('47','Administrator/toggleStatus','修改管理员状态','1','1',null,'4'),('48','Administrator/batchDelete','批量删除管理员','1','1',null,'4'),('49','AdvPosition/addCate','执行添加广告分类','1','1',null,'2'),('50','AdvPosition/Adv','添加广告分类','1','1',null,'2'),('51','AdvPosition/cateList','广告分类表','1','1',null,'2'),('52','AdvPosition/insertAdv','执行添加广告','1','1',null,'2'),('53','AdvPosition/editSave','保存修改广告信息','1','1',null,'2'),('54','AdvPosition/cateSave','保存修改广告分类','1','1',null,'2'),('55','AdvPosition/delCate','删除广告分类','1','1',null,'2'),('56','Email/tmpEdit','获取邮件修改模板','1','1',null,'2'),('57','Email/doTmpEdit','执行模板编辑操作','1','1',null,'2'),('58','Email/saveConfig','保存基本配置修改信息','1','1',null,'2'),('59','Faq/faqCate','添加常见问题分类','1','1',null,'2'),('60','Faq/cateSave','执行添加分类','1','1',null,'2'),('61','Faq/faqArticles','添加问题文章','1','1',null,'2'),('62','Faq/lookArticle','查看问题文章','1','1',null,'2'),('63','Faq/editArticle','编辑问题文章','1','1',null,'2'),('64','Faq/editSave','保存修改文章','1','1',null,'2'),('65','Faq/delArticle','删除文章','1','1',null,'2'),('66','Backup/index','数据库备份','1','1',null,'2'),('67','Backup/fileList','获取数据表','1','1',null,'2'),('68','Backup/backAll','备份整个数据库','1','1',null,'2'),('69','Backup/backTables','按表备份','1','1',null,'2'),('70','Backup/doBatch','批量操作','1','1',null,'2'),('71','Backup/recover','还原数据库','1','1',null,'2'),('72','Backup/deleteBak','删除数据备份','1','1',null,'2'),('73','Backup/downloadBak','下载备份文件','1','1',null,'2'),('74','Backup/setFile','把数据写入磁盘','1','1',null,'2'),('75','Feedback/doBatchDelete','批量删除留言','1','1',null,'2'),('76','Feedback/doDeleteFeedback','执行删除操作','1','1',null,'2'),('77','FeedBack/view','获取回复页面','1','1',null,'2'),('78','FeedBack/doFeedbackAdd','执行回复操作','1','1',null,'2'),('79','Links/addLinks','添加友情链接','1','1',null,'2'),('80','Links/doAddLinks','执行添加友情链接','1','1',null,'2'),('81','Links/editLinks','修改友情链接','1','1',null,'2');/* MySQLReback Separation */
 /* 插入数据 `im_auth_rule` */
 INSERT INTO `im_auth_rule` VALUES ('82','Links/doEditLinks','执行修改友情链接','1','1',null,'2');/* MySQLReback Separation */
 /* 插入数据 `im_auth_rule` */
 INSERT INTO `im_auth_rule` VALUES ('83','Links/delLinks','删除友情链接','1','1',null,'2'),('84','Log/index','日志列表','1','1',null,'2'),('85','Log/setLog','日志写入类','1','1',null,'2'),('86','Log/logDelete','删除日志','1','1',null,'2'),('87','Log/batchDelete','批量删除操作','1','1',null,'2'),('88','News/addNewsCategory','添加新闻类别','1','1',null,'2'),('89','News/editCategory','修改新闻分类','1','1',null,'2'),('90','News/addCategory','执行添加新闻类别','1','1',null,'2'),('91','News/categoryUpdat','执行修改新闻类别','1','1',null,'2'),('92','News/delCategory','删除新闻类别','1','1',null,'2'),('93','News/addNews','添加新闻','1','1',null,'2'),('94','News/doAddNews','执行添加新闻','1','1',null,'2'),('95','News/editNews','修改新闻','1','1',null,'2'),('96','News/updateNews','执行修改新闻','1','1',null,'2'),('97','News/delNews','删除新闻','1','1',null,'2'),('98','OrderInfo/OrderInfo','订单信息','1','1',null,'2'),('99','OrderInfo/shippingAdd','添加物流信息','1','1',null,'2'),('100','OrderInfo/OrderCancel','取消订单','1','1',null,'2'),('101','OrderInfo/savePaypal','保存支付配置信息','1','1',null,'2'),('102','Product/doProductEdit','执行商品修改操作','1','1',null,'2'),('103','Product/productRecycle','回收站商品列表','1','1',null,'2'),('104','Product/removeProductToRecycle','将产品从回收站移出','1','1',null,'2'),('105','Product/deleteProduct','删除商品','1','1',null,'2'),('106','Product/doEditParam','执行参数编辑操作','1','1',null,'2'),('107','Product/editParam','编辑商品参数','1','1',null,'2'),('108','Product/doDeleteParam','执行删除参数操作','1','1',null,'2'),('109','Product/doAddProduct','执行产品添加操作','1','1',null,'2'),('110','Product/productCats','商品分类列表','1','1',null,'2'),('111','Product/productCatAdd','获取添加商品分类界面','1','1',null,'2'),('112','Product/doCatAdd','执行添加商品分类操作','1','1',null,'2'),('113','Product/productAssess','商品评价','1','1',null,'2'),('114','Product/doBatchDelete','批量删除留言','1','1',null,'2'),('115','Product/doDeleteFeedback','执行删除操作','1','1',null,'2'),('116','Product/product_comment_view','回复页面','1','1',null,'2'),('117','Product/doFeedbackAdd','回复操作','1','1',null,'2'),('118','SaleService/lookService','查看服务单详情','1','1',null,'2'),('119','Seo/seoList','SEO列表','1','1',null,'2'),('120','Seo/addseo','添加seo','1','1',null,'2'),('121','Seo/doaddSeo','执行添加seo','1','1',null,'2'),('122','Seo/editSeo','修改seo','1','1',null,'2'),('123','Seo/doeditSeo','执行修改Seo','1','1',null,'2'),('124','Seo/delSeo','删除Seo','1','1',null,'2'),('125','Shipping/saveShippingAPI','保存物流接口','1','1',null,'2'),('126','Shipping/doShippingEdit','执行修改操作','1','1',null,'2'),('127','Shipping/doShippingAdd','执行添加物流信息','1','1',null,'2'),('128','Sms/index','获取短信配置界面','1','1',null,'2'),('129','Sms/deleteTmp','执行删除操作','1','1',null,'2'),('130','Sms/addTmp','获取添加模板','1','1',null,'2'),('131','Sms/doAddTmp','执行添加操作','1','1',null,'2'),('132','Sms/editTmp','获取短信修改模板','1','1',null,'2'),('133','Sms/doEditTmp','执行编辑操作','1','1',null,'2'),('134','Sms/saveConfig','保存基本配置修改信息','1','1',null,'2'),('135','SupportArticles/articleCate','文章分类','1','1',null,'2');/* MySQLReback Separation */
 /* 创建表结构 `im_email_templates`  */
 DROP TABLE IF EXISTS `im_email_templates`;/* MySQLReback Separation */ CREATE TABLE `im_email_templates` (
  `id` int(10) unsigned NOT NULL AUTO_INCREMENT,
  `ename` varchar(32) NOT NULL DEFAULT '',
  `subject` varchar(255) NOT NULL DEFAULT '',
  `content` text NOT NULL,
  PRIMARY KEY (`id`)
) ENGINE=InnoDB AUTO_INCREMENT=3 DEFAULT CHARSET=utf8;/* MySQLReback Separation */
 /* 插入数据 `im_email_templates` */
 INSERT INTO `im_email_templates` VALUES ('1','email_send_reg','{sy_webname} 注册通知','&lt;p&gt;\r\n 欢迎注册{sy_webname}会员：\r\n&lt;/p&gt;\r\n&lt;p&gt;\r\n  &amp;nbsp;&amp;nbsp;&amp;nbsp;&amp;nbsp;&amp;nbsp;&amp;nbsp;&amp;nbsp;&amp;nbsp;\r\n&lt;/p&gt;'),('2','email_send_verify','{sy_webname} 验证消息','&lt;p&gt;\r\n  &lt;br /&gt;\r\n&lt;/p&gt;\r\n&lt;p style=&quot;font-family:arial, verdana, sans-serif;font-size:18px;&quot;&gt;\r\n  &lt;img src=&quot;http://statics.oneplus.cn/img/logo-oneplus.png&quot; alt=&quot;&quot; /&gt; \r\n&lt;/p&gt;\r\n&lt;p style=&quot;font-family:arial, verdana, sans-serif;font-size:18px;&quot;&gt;\r\n  &lt;br /&gt;\r\n&lt;/p&gt;\r\n&lt;p style=&quot;font-family:arial, verdana, sans-serif;font-size:18px;&quot;&gt;\r\n  亲爱的用户：&lt;br /&gt;\r\n您好！&lt;br /&gt;\r\n{username}，&lt;br /&gt;\r\n点击下方激活链接即可完成注册：\r\n&lt;/p&gt;\r\n&lt;p style=&quot;font-family:arial, verdana, sans-serif;font-size:18px;&quot;&gt;\r\n {url}&lt;br /&gt;\r\n&lt;span style=&quot;font-size:12px;color:#999999;&quot;&gt;如果您无法点击此链接，请将它复制到浏览器地址栏后访问&lt;/span&gt; \r\n&lt;/p&gt;\r\n&lt;p style=&quot;font-family:arial, verdana, sans-serif;font-size:14px;&quot;&gt;\r\n 1.为了保障您账号的安全性，请在24小时内完成激活，此链接将在您激活过一次后失效！&lt;br /&gt;\r\n2.请尽快完成激活，否则链接将过期，一加将有权于2015年01月15日 00:17:12后收回账号；&lt;br /&gt;\r\n3.本邮件由一加手机官网系统自动发出，请勿直接回复！&lt;br /&gt;\r\n4.如果您有任何疑问或建议，请随时拨打一加手机客服热线：400-888-1111\r\n&lt;/p&gt;\r\n&lt;p style=&quot;font-family:arial, verdana, sans-serif;font-size:14px;&quot;&gt;\r\n 祝您使用愉快！&lt;br /&gt;\r\n{sy_webname}&lt;br /&gt;\r\nwww.imagry.cn{sy_webcopyright}\r\n&lt;/p&gt;\r\n&lt;p&gt;\r\n  &lt;br /&gt;\r\n&lt;/p&gt;\r\n&lt;p&gt;\r\n &lt;br /&gt;\r\n&lt;/p&gt;');/* MySQLReback Separation */
 /* 创建表结构 `im_faq_articles`  */
 DROP TABLE IF EXISTS `im_faq_articles`;/* MySQLReback Separation */ CREATE TABLE `im_faq_articles` (
  `id` int(11) unsigned NOT NULL AUTO_INCREMENT COMMENT '文章编号',
  `cid` int(11) NOT NULL DEFAULT '0' COMMENT '所属分类',
  `title` varchar(32) NOT NULL DEFAULT '' COMMENT '文章标题',
  `faq_content` text NOT NULL COMMENT '文章内容',
  `create_time` int(11) NOT NULL DEFAULT '0' COMMENT '创建时间',
  PRIMARY KEY (`id`)
) ENGINE=MyISAM DEFAULT CHARSET=utf8;/* MySQLReback Separation */
 /* 创建表结构 `im_feedback_replies`  */
 DROP TABLE IF EXISTS `im_feedback_replies`;/* MySQLReback Separation */ CREATE TABLE `im_feedback_replies` (
  `id` int(10) unsigned NOT NULL AUTO_INCREMENT COMMENT '回复编号',
  `feedback_id` int(10) unsigned NOT NULL DEFAULT '0' COMMENT '意见ID',
  `admin_id` int(10) unsigned NOT NULL DEFAULT '0' COMMENT '回复人ID',
  `content` text NOT NULL COMMENT '回复内容',
  `reply_time` int(10) unsigned NOT NULL COMMENT '回复时间',
  `status` int(4) DEFAULT '0' COMMENT '回复的状态 0 未读 1已读',
  `reply_uid` int(11) DEFAULT NULL COMMENT '用户的uid',
  PRIMARY KEY (`id`)
) ENGINE=MyISAM AUTO_INCREMENT=10 DEFAULT CHARSET=utf8;/* MySQLReback Separation */
 /* 插入数据 `im_feedback_replies` */
 INSERT INTO `im_feedback_replies` VALUES ('9','3','1','好的','1449889747','1','2'),('8','2','1','asdfasdfadsf','1449760953','1','2'),('7','1','1','aaaaa','1449759898','1','2');/* MySQLReback Separation */
 /* 创建表结构 `im_feedbacks`  */
 DROP TABLE IF EXISTS `im_feedbacks`;/* MySQLReback Separation */ CREATE TABLE `im_feedbacks` (
  `id` int(10) unsigned NOT NULL AUTO_INCREMENT,
  `user_id` int(10) unsigned NOT NULL DEFAULT '0' COMMENT '用户ID',
  `content` text NOT NULL COMMENT '内容',
  `add_time` int(10) NOT NULL COMMENT '提交时间',
  PRIMARY KEY (`id`)
) ENGINE=MyISAM AUTO_INCREMENT=6 DEFAULT CHARSET=utf8;/* MySQLReback Separation */
 /* 插入数据 `im_feedbacks` */
 INSERT INTO `im_feedbacks` VALUES ('1','2','lalala','1449495163'),('2','2','safasdfasdf','1449495223'),('3','2','fasdfawdsf','1449495400'),('4','2','asdfasdfasdf','1449758915');/* MySQLReback Separation */
 /* 创建表结构 `im_job_applies`  */
 DROP TABLE IF EXISTS `im_job_applies`;/* MySQLReback Separation */ CREATE TABLE `im_job_applies` (
  `id` int(10) unsigned NOT NULL AUTO_INCREMENT,
  `job_name` varchar(255) NOT NULL DEFAULT '' COMMENT '职位名',
  `name` varchar(32) NOT NULL DEFAULT '' COMMENT '申请人',
  `sex` tinyint(1) NOT NULL DEFAULT '1' COMMENT '性别  1男 0 女',
  `age` int(3) unsigned NOT NULL DEFAULT '1' COMMENT '生日',
  `email` varchar(64) NOT NULL DEFAULT '' COMMENT '邮箱',
  `phone` char(15) NOT NULL DEFAULT '' COMMENT '手机',
  `school` varchar(64) NOT NULL DEFAULT '' COMMENT '毕业院校',
  `discipline` varchar(64) NOT NULL DEFAULT '' COMMENT '专业',
  `education` varchar(30) NOT NULL DEFAULT '本科' COMMENT '学历',
  `grad_date` int(10) NOT NULL DEFAULT '19700101' COMMENT '毕业日期',
  `experience` tinyint(2) NOT NULL DEFAULT '0' COMMENT '工作年限 0-99',
  `now_address` varchar(255) NOT NULL DEFAULT '' COMMENT '现居地',
  PRIMARY KEY (`id`),
  KEY `position_id` (`job_name`)
) ENGINE=MyISAM DEFAULT CHARSET=utf8;/* MySQLReback Separation */
 /* 创建表结构 `im_job_cat`  */
 DROP TABLE IF EXISTS `im_job_cat`;/* MySQLReback Separation */ CREATE TABLE `im_job_cat` (
  `id` int(10) unsigned NOT NULL AUTO_INCREMENT COMMENT '职位类别编号',
  `cat_name` varchar(32) NOT NULL DEFAULT '' COMMENT '职位类别',
  `cat_desc` varchar(255) NOT NULL DEFAULT '' COMMENT '描述',
  `is_show` tinyint(1) unsigned NOT NULL DEFAULT '1' COMMENT '默认允许显示',
  PRIMARY KEY (`id`)
) ENGINE=MyISAM DEFAULT CHARSET=utf8;/* MySQLReback Separation */
 /* 创建表结构 `im_jobs`  */
 DROP TABLE IF EXISTS `im_jobs`;/* MySQLReback Separation */ CREATE TABLE `im_jobs` (
  `id` int(10) unsigned NOT NULL AUTO_INCREMENT COMMENT '职位ID编号',
  `cat_id` int(10) unsigned NOT NULL DEFAULT '0' COMMENT '职位类别',
  `job_name` varchar(64) NOT NULL DEFAULT '' COMMENT '职位名称',
  `department` varchar(32) NOT NULL DEFAULT '' COMMENT '部门',
  `type` tinyint(1) unsigned NOT NULL DEFAULT '0' COMMENT '工作类型 0全职  1兼职 2实习',
  `address` varchar(255) NOT NULL DEFAULT '' COMMENT '工作地点',
  `number` tinyint(5) unsigned NOT NULL DEFAULT '0' COMMENT '招聘人数',
  `add_time` varchar(20) NOT NULL DEFAULT '0' COMMENT '添加时间',
  `edu` varchar(32) NOT NULL DEFAULT '' COMMENT '学历',
  `condition` text NOT NULL COMMENT '任职资格',
  `content` text NOT NULL COMMENT '工作内容',
  `is_show` tinyint(1) unsigned NOT NULL DEFAULT '1' COMMENT '默认开启 0关闭 1开启',
  PRIMARY KEY (`id`),
  KEY `cat_id` (`cat_id`)
) ENGINE=MyISAM DEFAULT CHARSET=utf8;/* MySQLReback Separation */
 /* 创建表结构 `im_keywords`  */
 DROP TABLE IF EXISTS `im_keywords`;/* MySQLReback Separation */ CREATE TABLE `im_keywords` (
  `id` int(10) unsigned NOT NULL AUTO_INCREMENT,
  `keyword` varchar(32) NOT NULL DEFAULT '',
  `times` int(10) unsigned NOT NULL DEFAULT '1',
  PRIMARY KEY (`id`)
) ENGINE=InnoDB AUTO_INCREMENT=3 DEFAULT CHARSET=utf8;/* MySQLReback Separation */
 /* 插入数据 `im_keywords` */
 INSERT INTO `im_keywords` VALUES ('2','4G','3');/* MySQLReback Separation */
 /* 创建表结构 `im_links`  */
 DROP TABLE IF EXISTS `im_links`;/* MySQLReback Separation */ CREATE TABLE `im_links` (
  `id` int(11) NOT NULL AUTO_INCREMENT,
  `linktitle` char(50) NOT NULL,
  `linkurl` char(255) NOT NULL,
  `picture` char(255) NOT NULL,
  `is_show` tinyint(1) NOT NULL,
  PRIMARY KEY (`id`)
) ENGINE=InnoDB DEFAULT CHARSET=utf8;/* MySQLReback Separation */
 /* 创建表结构 `im_members_rate`  */
 DROP TABLE IF EXISTS `im_members_rate`;/* MySQLReback Separation */ CREATE TABLE `im_members_rate` (
  `rate` varchar(5) NOT NULL DEFAULT '0' COMMENT '折扣率',
  `level_id` mediumint(8) unsigned NOT NULL COMMENT '级别id',
  `product_id` mediumint(8) unsigned NOT NULL COMMENT '商品id',
  KEY `product_id` (`product_id`)
) ENGINE=MyISAM DEFAULT CHARSET=utf8 COMMENT='会员折扣';/* MySQLReback Separation */
 /* 创建表结构 `im_modules`  */
 DROP TABLE IF EXISTS `im_modules`;/* MySQLReback Separation */ CREATE TABLE `im_modules` (
  `id` tinyint(3) unsigned NOT NULL AUTO_INCREMENT,
  `moduleName` varchar(20) NOT NULL DEFAULT '',
  PRIMARY KEY (`id`)
) ENGINE=InnoDB AUTO_INCREMENT=5 DEFAULT CHARSET=utf8;/* MySQLReback Separation */
 /* 插入数据 `im_modules` */
 INSERT INTO `im_modules` VALUES ('1','会员管理'),('2','后台管理'),('3','权限管理'),('4','管理员管理');/* MySQLReback Separation */
 /* 创建表结构 `im_news_cat`  */
 DROP TABLE IF EXISTS `im_news_cat`;/* MySQLReback Separation */ CREATE TABLE `im_news_cat` (
  `id` int(10) unsigned NOT NULL AUTO_INCREMENT COMMENT '分类编号',
  `cat_name` varchar(64) NOT NULL DEFAULT '' COMMENT '分类名称',
  `is_show` tinyint(1) unsigned DEFAULT '1' COMMENT '默认显示',
  PRIMARY KEY (`id`)
) ENGINE=MyISAM AUTO_INCREMENT=3 DEFAULT CHARSET=utf8;/* MySQLReback Separation */
 /* 插入数据 `im_news_cat` */
 INSERT INTO `im_news_cat` VALUES ('1','产品新闻','0'),('2','新闻分类一','1');/* MySQLReback Separation */
 /* 创建表结构 `im_news_contents`  */
 DROP TABLE IF EXISTS `im_news_contents`;/* MySQLReback Separation */ CREATE TABLE `im_news_contents` (
  `id` int(10) unsigned NOT NULL AUTO_INCREMENT COMMENT '新闻编号id',
  `cat_id` int(10) unsigned NOT NULL DEFAULT '0' COMMENT '新闻分类ID',
  `title` varchar(255) NOT NULL DEFAULT '' COMMENT '新闻标题',
  `author` varchar(32) NOT NULL DEFAULT '' COMMENT '作者',
  `keywords` varchar(128) NOT NULL DEFAULT '' COMMENT '关键字',
  `description` varchar(255) NOT NULL DEFAULT '' COMMENT '描述',
  `create_time` int(11) NOT NULL DEFAULT '0' COMMENT '创建日期',
  `content` text NOT NULL COMMENT '内容',
  `clicktimes` int(10) unsigned NOT NULL DEFAULT '0' COMMENT '浏览次数',
  `thumbnail` varchar(128) NOT NULL DEFAULT '' COMMENT '缩略图',
  `is_show` tinyint(1) unsigned NOT NULL DEFAULT '1' COMMENT '默认显示',
  PRIMARY KEY (`id`),
  KEY `cat_id` (`cat_id`)
) ENGINE=MyISAM AUTO_INCREMENT=2 DEFAULT CHARSET=utf8;/* MySQLReback Separation */
 /* 插入数据 `im_news_contents` */
 INSERT INTO `im_news_contents` VALUES ('1','0','新闻一','admin','一','新闻一','1449761925','&lt;p style=&quot;text-indent:2em;font-size:16px;font-family:宋体, sans-serif;background-color:#FFFFFF;&quot;&gt;\r\n	各省、自治区、直辖市人民政府，国务院各部委、各直属机构：\r\n&lt;/p&gt;\r\n&lt;p style=&quot;text-indent:2em;font-size:16px;font-family:宋体, sans-serif;background-color:#FFFFFF;&quot;&gt;\r\n	经国务院批准，现将2016年元旦、春节、清明节、劳动节、端午节、中秋节和国庆节放假调休日期的具体安排通知如下。\r\n&lt;/p&gt;\r\n&lt;p style=&quot;text-indent:2em;font-size:16px;font-family:宋体, sans-serif;background-color:#FFFFFF;&quot;&gt;\r\n	&lt;strong&gt;一、元旦：&lt;/strong&gt;1月1日放假，与周末连休。\r\n&lt;/p&gt;\r\n&lt;p style=&quot;text-indent:2em;font-size:16px;font-family:宋体, sans-serif;background-color:#FFFFFF;&quot;&gt;\r\n	&lt;strong&gt;二、春节：&lt;/strong&gt;2月7日至13日放假调休，共7天。2月6日（星期六）、2月14日（星期日）上班。\r\n&lt;/p&gt;\r\n&lt;p style=&quot;text-indent:2em;font-size:16px;font-family:宋体, sans-serif;background-color:#FFFFFF;&quot;&gt;\r\n	&lt;strong&gt;三、清明节：&lt;/strong&gt;4月4日放假，与周末连休。\r\n&lt;/p&gt;\r\n&lt;p style=&quot;text-indent:2em;font-size:16px;font-family:宋体, sans-serif;background-color:#FFFFFF;&quot;&gt;\r\n	&lt;strong&gt;四、劳动节：&lt;/strong&gt;5月1日放假，5月2日（星期一）补休。\r\n&lt;/p&gt;\r\n&lt;p style=&quot;text-indent:2em;font-size:16px;font-family:宋体, sans-serif;background-color:#FFFFFF;&quot;&gt;\r\n	&lt;strong&gt;五、端午节：&lt;/strong&gt;6月9日至11日放假调休，共3天。6月12日（星期日）上班。\r\n&lt;/p&gt;\r\n&lt;p style=&quot;text-indent:2em;font-size:16px;font-family:宋体, sans-serif;background-color:#FFFFFF;&quot;&gt;\r\n	&lt;strong&gt;六、中秋节：&lt;/strong&gt;9月15日至17日放假调休，共3天。9月18日（星期日）上班。\r\n&lt;/p&gt;\r\n&lt;p style=&quot;text-indent:2em;font-size:16px;font-family:宋体, sans-serif;background-color:#FFFFFF;&quot;&gt;\r\n	&lt;strong&gt;七、国庆节：&lt;/strong&gt;10月1日至7日放假调休，共7天。10月8日（星期六）、10月9日（星期日）上班。\r\n&lt;/p&gt;\r\n&lt;p style=&quot;text-indent:2em;font-size:16px;font-family:宋体, sans-serif;background-color:#FFFFFF;&quot;&gt;\r\n	节假日期间，各地区、各部门要妥善安排好值班和安全、保卫等工作，遇有重大突发事件，要按规定及时报告并妥善处置，确保人民群众祥和平安度过节日假期。&lt;br /&gt;\r\n&lt;span style=&quot;line-height:22px;&quot;&gt;&amp;nbsp; &amp;nbsp; &amp;nbsp; &amp;nbsp; &amp;nbsp; &amp;nbsp; &amp;nbsp; &amp;nbsp; &amp;nbsp; &amp;nbsp; &amp;nbsp; &amp;nbsp; &amp;nbsp; &amp;nbsp; &amp;nbsp; &amp;nbsp; &amp;nbsp; &amp;nbsp; &amp;nbsp; &amp;nbsp; &amp;nbsp; &amp;nbsp; &amp;nbsp; &amp;nbsp; &amp;nbsp; &amp;nbsp; &amp;nbsp; &amp;nbsp; &amp;nbsp; &amp;nbsp; &amp;nbsp; &amp;nbsp; &amp;nbsp; &amp;nbsp; &amp;nbsp; &amp;nbsp; &amp;nbsp; &amp;nbsp; &amp;nbsp; &amp;nbsp; &amp;nbsp; &amp;nbsp; &amp;nbsp; &amp;nbsp; &amp;nbsp; 国务院办公厅&lt;/span&gt; \r\n&lt;/p&gt;','0','2015-12-10/56699c859dab5.jpg','1');/* MySQLReback Separation */
 /* 创建表结构 `im_order_products`  */
 DROP TABLE IF EXISTS `im_order_products`;/* MySQLReback Separation */ CREATE TABLE `im_order_products` (
  `id` int(10) unsigned NOT NULL AUTO_INCREMENT COMMENT '商品编号',
  `order_id` int(10) unsigned NOT NULL DEFAULT '0' COMMENT '订单ID',
  `product_id` int(10) unsigned NOT NULL DEFAULT '0' COMMENT '商品ID',
  `product_price` decimal(10,2) unsigned NOT NULL DEFAULT '0.00' COMMENT '购买价格',
  `product_number` smallint(5) unsigned NOT NULL DEFAULT '0' COMMENT '购买数量',
  `product_color` varchar(32) DEFAULT NULL COMMENT '商品的属性',
  `gift_id` int(11) NOT NULL COMMENT '赠品ID',
  `promote_status` tinyint(4) NOT NULL DEFAULT '0' COMMENT '促销状态1折扣2会员3买赠4满赠5抢购6组合',
  PRIMARY KEY (`id`),
  KEY `order_id` (`order_id`)
) ENGINE=MyISAM AUTO_INCREMENT=3 DEFAULT CHARSET=utf8;/* MySQLReback Separation */
 /* 插入数据 `im_order_products` */
 INSERT INTO `im_order_products` VALUES ('1','1','66','1280.15','1','蓝色包装|规格1','0','5'),('2','2','38','3041.00','2','白色|32GB','68','4');/* MySQLReback Separation */
 /* 创建表结构 `im_orders`  */
 DROP TABLE IF EXISTS `im_orders`;/* MySQLReback Separation */ CREATE TABLE `im_orders` (
  `id` int(10) unsigned NOT NULL AUTO_INCREMENT COMMENT '订单编号',
  `user_id` int(10) NOT NULL DEFAULT '0' COMMENT '用户ID',
  `order_sn` char(20) NOT NULL DEFAULT '' COMMENT '订单号',
  `order_date` int(11) NOT NULL DEFAULT '0' COMMENT '下单时间',
  `deail_price` decimal(10,2) unsigned NOT NULL DEFAULT '0.00' COMMENT '成交金额',
  `real_price` decimal(10,2) unsigned NOT NULL DEFAULT '0.00' COMMENT '总价',
  `order_status` tinyint(1) NOT NULL DEFAULT '1' COMMENT '0 已取消 1 等待付款 2 等待发货 3 已发货 4 已完成',
  `pay_status` tinyint(1) unsigned NOT NULL DEFAULT '0' COMMENT '0未付款 1已付款',
  `pay_type` tinyint(1) unsigned NOT NULL DEFAULT '0' COMMENT '支付方式 0在线支付 1货到付款',
  `shipping_addr_id` int(5) unsigned NOT NULL DEFAULT '0' COMMENT '收货地址ID',
  `shipping_way` int(5) unsigned NOT NULL DEFAULT '0' COMMENT '物流方式ID',
  `shipping_num` char(20) NOT NULL DEFAULT '' COMMENT '物流单号',
  `send_time` int(4) NOT NULL DEFAULT '0' COMMENT '送货时间 0 工作日休息日假日均可送货 1只工作日送货,休息日或假日不送 2只休息日或假日送货 3白天没人,尽量安排其它时间送',
  `comment` varchar(100) NOT NULL COMMENT '订单备注',
  PRIMARY KEY (`id`),
  UNIQUE KEY `order_sn` (`order_sn`),
  KEY `user_id` (`user_id`)
) ENGINE=InnoDB AUTO_INCREMENT=3 DEFAULT CHARSET=utf8;/* MySQLReback Separation */
 /* 插入数据 `im_orders` */
 INSERT INTO `im_orders` VALUES ('1','2','20151215210151318','1450184511','1280.15','1290.15','0','0','0','2','1',null,'0',null),('2','2','20151215220012214','1450188012','6082.00','6092.00','1','0','0','2','1',null,'0',null);/* MySQLReback Separation */
 /* 创建表结构 `im_product`  */
 DROP TABLE IF EXISTS `im_product`;/* MySQLReback Separation */ CREATE TABLE `im_product` (
  `id` int(10) unsigned NOT NULL AUTO_INCREMENT COMMENT 'id',
  `cat_id` tinyint(5) unsigned NOT NULL DEFAULT '0' COMMENT '类别编号',
  `pro_sn` varchar(32) NOT NULL DEFAULT '0' COMMENT '产品序列号',
  `pro_name` varchar(64) NOT NULL DEFAULT '' COMMENT '产品名称',
  `pro_subname` varchar(64) NOT NULL DEFAULT '' COMMENT '产品副标题',
  `market_price` decimal(10,2) unsigned NOT NULL DEFAULT '0.00' COMMENT '市场价',
  `promote_price` decimal(10,2) unsigned NOT NULL DEFAULT '0.00' COMMENT '促销价',
  `unit` varchar(5) NOT NULL DEFAULT '单位' COMMENT '商品单位',
  `unit_weight` tinyint(5) unsigned NOT NULL DEFAULT '0' COMMENT '单位重量',
  `weight_unit` varchar(2) NOT NULL DEFAULT '克' COMMENT '重量单位',
  `click_times` int(10) unsigned NOT NULL DEFAULT '0' COMMENT '浏览次数',
  `list_image` varchar(128) NOT NULL DEFAULT '' COMMENT '列表页图片',
  `keywords` varchar(255) NOT NULL DEFAULT '' COMMENT '关键字（SEO）',
  `description` varchar(255) NOT NULL DEFAULT '' COMMENT '描述（SEO）',
  `feacher` text NOT NULL,
  `is_new` tinyint(1) unsigned NOT NULL DEFAULT '0' COMMENT '默认0  是否新品',
  `is_promote` tinyint(1) unsigned NOT NULL DEFAULT '0' COMMENT '默认0  是否促销',
  `is_on_sale` tinyint(1) unsigned NOT NULL DEFAULT '1' COMMENT '默认1  是否下架',
  `is_ship` tinyint(3) unsigned NOT NULL DEFAULT '0' COMMENT '包邮',
  `add_time` int(11) NOT NULL DEFAULT '0' COMMENT '添加时间',
  `update_time` int(11) NOT NULL DEFAULT '0' COMMENT '修改时间',
  `recycle` tinyint(1) NOT NULL DEFAULT '0',
  `shop_id` tinyint(11) NOT NULL DEFAULT '0' COMMENT '商铺ID',
  PRIMARY KEY (`id`),
  KEY `cat_id` (`cat_id`)
) ENGINE=InnoDB AUTO_INCREMENT=69 DEFAULT CHARSET=utf8 COMMENT='商品表';/* MySQLReback Separation */
 /* 插入数据 `im_product` */
 INSERT INTO `im_product` VALUES ('38','27','20150125001','VIVO X5Max（移动4G版）','X5 Max 突破 只为追求','2998.00','2998.00','个','100','克','396','2015-01-25/54c47bcc58e45.jpg','vivo X5Max,vivo,X5Max,vivo官方商城,vivo智能手机官方商城','【新品首发，买即送移动电源+蓝牙耳机】X5Max全新发布，薄至4.75mm，5.5寸1080P屏幕，全新升级Hi-Fi2.0架构；双卡双待，支持128G TF扩展。','<p>\r\n	<img src=\"/Public/Product/feacher/image/20150125/20150125063807_48018.jpg\" alt=\"\" /> <img src=\"/Public/Product/feacher/image/20150125/20150125063820_45076.jpg\" alt=\"\" /><img src=\"/Public/Product/feacher/image/20150125/20150125063841_40668.jpg\" alt=\"\" /><img src=\"/Public/Product/feacher/image/20150125/20150125063857_82067.jpg\" alt=\"\" /><img src=\"/Public/Product/feacher/image/20150125/20150125063911_26787.jpg\" alt=\"\" /><img src=\"/Public/Product/feacher/image/20150125/20150125063924_28701.jpg\" alt=\"\" /><img src=\"/Public/Product/feacher/image/20150125/20150125063941_33461.jpg\" alt=\"\" /> \r\n</p>','1','1','1','0','1422164500','1449902865','0','1'),('66','27','123456','测试手机','测试手机的副标题','2000.00','1980.00','台','200','克','413','2015-11-03/56381f554580d.jpg','测试手机的关键字','测试手机的简短描述','<img src=\"/Public/Product/feacher/image/20151124/20151124113449_80350.jpg\" alt=\"\" />','1','1','1','0','1446446009','1450115778','0','1'),('68','5','000012','赠品一','赠品的副标题','12.00','11.00','个','100','克','16','2015-12-02/565ef25aa42b5.jpg','赠品的关键字','赠品的描述',null,'0','0','1','0','1449044823','1450014788','0','1');/* MySQLReback Separation */
 /* 创建表结构 `im_product_album`  */
 DROP TABLE IF EXISTS `im_product_album`;/* MySQLReback Separation */ CREATE TABLE `im_product_album` (
  `id` int(10) unsigned NOT NULL AUTO_INCREMENT COMMENT '图片编号',
  `attr_id` int(10) unsigned NOT NULL DEFAULT '0' COMMENT '关联产品颜色',
  `images` varchar(128) NOT NULL DEFAULT '' COMMENT '图片地址',
  PRIMARY KEY (`id`),
  KEY `attr_id` (`attr_id`)
) ENGINE=MyISAM AUTO_INCREMENT=717 DEFAULT CHARSET=utf8;/* MySQLReback Separation */
 /* 插入数据 `im_product_album` */
 INSERT INTO `im_product_album` VALUES ('698','444','/Public/Product/adv/2015-01-25/54c4820487c89.jpg'),('697','444','/Public/Product/adv/2015-01-25/54c482047307c.jpg'),('694','443','/Public/Product/adv/2015-01-25/54c481f041300.jpg'),('695','443','/Public/Product/adv/2015-01-25/54c481f088f81.jpg'),('696','443','/Public/Product/adv/2015-01-25/54c481f053415.jpg'),('700','444','/Public/Product/adv/2015-01-25/54c4820466559.jpg'),('699','444','/Public/Product/adv/2015-01-25/54c4820454ffd.jpg'),('716','454','/Public/Product/adv/Goods/2015-11-03/56382301c5238.jpg'),('715','454','/Public/Product/adv/Goods/2015-11-03/56382301b0a13.jpg'),('714','454','/Public/Product/adv/Goods/2015-11-03/563823019cda7.jpg'),('713','453','/Public/Product/adv/Goods/2015-11-03/563822ed354bf.jpg'),('712','453','/Public/Product/adv/Goods/2015-11-03/563822ed52985.jpg'),('711','453','/Public/Product/adv/Goods/2015-11-03/563822ed3e931.jpg'),('693','443','/Public/Product/adv/2015-01-25/54c481f07bc8e.jpg'),('692','443','/Public/Product/adv/2015-01-25/54c481f067c39.jpg'),('658','411','/Public/Product/adv/Goods/2015-11-25/56552fdca45ce.jpg'),('657','411','/Public/Product/adv/Goods/2015-11-25/56552fdc90962.jpg'),('656','411','/Public/Product/adv/Goods/2015-11-25/56552fdc8460f.jpg'),('655','411','/Public/Product/adv/Goods/2015-11-25/56552fdc74053.jpg'),('659','413','/Public/Product/adv/Goods/2015-11-25/56553e8369fb0.jpg'),('660','413','/Public/Product/adv/Goods/2015-11-25/56553e837d834.jpg'),('704','446','/Public/Product/adv/Goods/2015-12-02/565ef26e4ec01.jpg'),('703','446','/Public/Product/adv/Goods/2015-12-02/565ef26e35d8b.jpg'),('702','446','/Public/Product/adv/Goods/2015-12-02/565ef26e2482f.jpg'),('701','444','/Public/Product/adv/2015-01-25/54c482043bd9f.jpg');/* MySQLReback Separation */
 /* 创建表结构 `im_product_cat`  */
 DROP TABLE IF EXISTS `im_product_cat`;/* MySQLReback Separation */ CREATE TABLE `im_product_cat` (
  `id` smallint(5) unsigned NOT NULL AUTO_INCREMENT COMMENT '分类编号',
  `fid` smallint(5) unsigned NOT NULL DEFAULT '0' COMMENT '分类父ID',
  `cat_name` varchar(32) NOT NULL DEFAULT '' COMMENT '分类名称（平板，手机，穿戴，配件，赠品，促销，）',
  `nav_pic` varchar(100) NOT NULL COMMENT '导航菜单图',
  `sort` tinyint(3) NOT NULL DEFAULT '0' COMMENT '排序',
  `is_show` tinyint(1) NOT NULL DEFAULT '1' COMMENT '是否显示',
  PRIMARY KEY (`id`)
) ENGINE=MyISAM AUTO_INCREMENT=33 DEFAULT CHARSET=utf8;/* MySQLReback Separation */
 /* 插入数据 `im_product_cat` */
 INSERT INTO `im_product_cat` VALUES ('1','0','平板电脑','2015-11-22/56513ce848442.png','0','1'),('2','0','精品手机','2015-11-22/56513d1713356.png','0','1'),('3','0','穿戴产品','2015-11-22/56513d279dde1.png','0','1'),('27','2','苹果手机',null,'0','1'),('5','0','赠品',null,'0','0');/* MySQLReback Separation */
 /* 创建表结构 `im_product_comment_replies`  */
 DROP TABLE IF EXISTS `im_product_comment_replies`;/* MySQLReback Separation */ CREATE TABLE `im_product_comment_replies` (
  `id` int(10) unsigned NOT NULL AUTO_INCREMENT COMMENT '回复编号',
  `comment_id` int(10) unsigned NOT NULL DEFAULT '0' COMMENT '评论ID',
  `admin_user_id` int(10) NOT NULL DEFAULT '0' COMMENT '回复人员ID',
  `reply_time` int(11) NOT NULL DEFAULT '0',
  `content` text NOT NULL COMMENT '回复内容',
  PRIMARY KEY (`id`),
  KEY `comment_id` (`comment_id`)
) ENGINE=MyISAM AUTO_INCREMENT=2 DEFAULT CHARSET=utf8;/* MySQLReback Separation */
 /* 插入数据 `im_product_comment_replies` */
 INSERT INTO `im_product_comment_replies` VALUES ('1','1','1','1448461834','谢谢支持！');/* MySQLReback Separation */
 /* 创建表结构 `im_product_comments`  */
 DROP TABLE IF EXISTS `im_product_comments`;/* MySQLReback Separation */ CREATE TABLE `im_product_comments` (
  `id` int(10) unsigned NOT NULL AUTO_INCREMENT COMMENT '商品评价id',
  `product_id` int(10) unsigned NOT NULL DEFAULT '0' COMMENT '商品ID',
  `user_id` int(10) unsigned NOT NULL DEFAULT '0',
  `score` tinyint(1) NOT NULL DEFAULT '5' COMMENT '星级1-5',
  `content` text NOT NULL COMMENT '评论类型',
  `comment_time` int(11) NOT NULL DEFAULT '0',
  PRIMARY KEY (`id`),
  KEY `product_id` (`product_id`)
) ENGINE=MyISAM AUTO_INCREMENT=8 DEFAULT CHARSET=utf8;/* MySQLReback Separation */
 /* 插入数据 `im_product_comments` */
 INSERT INTO `im_product_comments` VALUES ('1','38','2','5','好，相当好！','1448461638'),('2','38','2','4','好，相当好！','1448461638'),('3','38','2','3','好，相当好！','1448461638'),('7','38','2','5','好，相当好！','1448461638'),('5','38','2','2','好，相当好！','1448461638'),('6','38','2','1','好，相当好！','1448461638');/* MySQLReback Separation */
 /* 创建表结构 `im_product_param`  */
 DROP TABLE IF EXISTS `im_product_param`;/* MySQLReback Separation */ CREATE TABLE `im_product_param` (
  `id` int(10) unsigned NOT NULL AUTO_INCREMENT,
  `pro_id` int(10) unsigned NOT NULL DEFAULT '0',
  `param_title` varchar(32) NOT NULL DEFAULT '',
  `param_content` text NOT NULL,
  PRIMARY KEY (`id`)
) ENGINE=InnoDB AUTO_INCREMENT=75 DEFAULT CHARSET=utf8;/* MySQLReback Separation */
 /* 插入数据 `im_product_param` */
 INSERT INTO `im_product_param` VALUES ('62','38','颜色','&lt;table style=&quot;width:50%;&quot; class=&quot;ke-zeroborder&quot; border=&quot;0&quot; bordercolor=&quot;#000000&quot; cellpadding=&quot;2&quot; cellspacing=&quot;0&quot;&gt;\r\n &lt;tbody&gt;\r\n   &lt;tr&gt;\r\n      &lt;td&gt;\r\n        &lt;img src=&quot;/Public/Product/param/image/20150125/20150125123623_88620.png&quot; alt=&quot;&quot; /&gt;&lt;br /&gt;\r\n      &lt;/td&gt;\r\n     &lt;td&gt;\r\n        &lt;img src=&quot;/Public/Product/param/image/20150125/20150125123829_68282.png&quot; alt=&quot;&quot; /&gt;&lt;br /&gt;\r\n      &lt;/td&gt;\r\n   &lt;/tr&gt;\r\n &lt;/tbody&gt;\r\n&lt;/table&gt;\r\n&lt;br /&gt;'),('63','38','容量和内存','&lt;table class=&quot;ke-zeroborder&quot; border=&quot;0&quot; bordercolor=&quot;#000000&quot; cellpadding=&quot;2&quot; cellspacing=&quot;0&quot; height=&quot;69&quot; width=&quot;690&quot;&gt;\r\n &lt;tbody&gt;\r\n   &lt;tr&gt;\r\n      &lt;td&gt;\r\n        高速闪存：16/32GB ROM ( eMMC 5.0 )&lt;br /&gt;\r\n     &lt;/td&gt;\r\n   &lt;/tr&gt;\r\n   &lt;tr&gt;\r\n      &lt;td&gt;\r\n        内存：2GB RAM ( LPDDR3, 933 MHz )&lt;br /&gt;\r\n      &lt;/td&gt;\r\n   &lt;/tr&gt;\r\n &lt;/tbody&gt;\r\n&lt;/table&gt;\r\n&lt;br /&gt;'),('64','38','尺寸和重量','&lt;table class=&quot;ke-zeroborder&quot; border=&quot;0&quot; bordercolor=&quot;#000000&quot; cellpadding=&quot;2&quot; cellspacing=&quot;0&quot; height=&quot;184&quot; width=&quot;690&quot;&gt;\r\n  &lt;tbody&gt;\r\n   &lt;tr&gt;\r\n      &lt;td&gt;\r\n        &lt;div class=&quot;phone-size-label&quot;&gt;\r\n          &lt;p&gt;\r\n           高度：141 mm\r\n         &lt;/p&gt;\r\n          &lt;p&gt;\r\n           宽度：67.74 mm\r\n         &lt;/p&gt;\r\n          &lt;p&gt;\r\n           厚度：8.23 mm\r\n          &lt;/p&gt;\r\n          &lt;p&gt;\r\n           重量：约 167 g\r\n          &lt;/p&gt;\r\n        &lt;/div&gt;\r\n&lt;br /&gt;\r\n      &lt;/td&gt;\r\n     &lt;td&gt;\r\n        &lt;img src=&quot;/Public/Product/param/image/20150125/20150125124156_35848.png&quot; alt=&quot;&quot; /&gt;&lt;br /&gt;\r\n      &lt;/td&gt;\r\n   &lt;/tr&gt;\r\n &lt;/tbody&gt;\r\n&lt;/table&gt;\r\n&lt;br /&gt;'),('66','38','蜂窝网络','&lt;div class=&quot;specification-content&quot;&gt;\r\n	&lt;p&gt;\r\n		&lt;strong&gt;3G 版：&lt;/strong&gt; \r\n	&lt;/p&gt;\r\n	&lt;p&gt;\r\n		GSM: 850/900/1800/1900 MHz\r\n	&lt;/p&gt;\r\n	&lt;p&gt;\r\n		WCDMA: 850/900/1900/2100 MHz\r\n	&lt;/p&gt;\r\n&lt;br /&gt;\r\n	&lt;p&gt;\r\n		&lt;strong&gt;4G 版：&lt;/strong&gt; \r\n	&lt;/p&gt;\r\n	&lt;p&gt;\r\n		GSM: 900/1800/1900 MHz\r\n	&lt;/p&gt;\r\n	&lt;p&gt;\r\n		WCDMA: 900/1800/2100 MHz\r\n	&lt;/p&gt;\r\n	&lt;p&gt;\r\n		TD-SCDMA: 1900/2000 MHz\r\n	&lt;/p&gt;\r\n	&lt;p&gt;\r\n		TDD-LTE: B38/B39/B40/B41 ( 注：B41 仅支持中国频段 )\r\n	&lt;/p&gt;\r\n	&lt;p&gt;\r\n		FDD-LTE: B1/B3\r\n	&lt;/p&gt;\r\n&lt;/div&gt;'),('68','38','定位功能','&lt;div class=&quot;specification-content&quot;&gt;\r\n &lt;p&gt;\r\n   全球定位系统、GLONASS 定位系统、北斗定位系统\r\n  &lt;/p&gt;\r\n  &lt;p&gt;\r\n   无线网络辅助定位\r\n  &lt;/p&gt;\r\n  &lt;p&gt;\r\n   蜂窝移动网络辅助定位\r\n  &lt;/p&gt;\r\n&lt;/div&gt;'),('69','38','音频播放','&lt;table class=&quot;ke-zeroborder&quot; border=&quot;0&quot; bordercolor=&quot;#000000&quot; cellpadding=&quot;2&quot; cellspacing=&quot;0&quot; height=&quot;116&quot; width=&quot;690&quot;&gt;\r\n &lt;tbody&gt;\r\n   &lt;tr&gt;\r\n      &lt;td&gt;\r\n        德州仪器 OPA2604 运放芯片&lt;br /&gt;\r\n     &lt;/td&gt;\r\n   &lt;/tr&gt;\r\n   &lt;tr&gt;\r\n      &lt;td&gt;\r\n        支持声音文件格式：MP3, M4A, AAC, MKA, AMR&lt;br /&gt;\r\n      &lt;/td&gt;\r\n   &lt;/tr&gt;\r\n   &lt;tr&gt;\r\n      &lt;td&gt;\r\n        支持无损格式：ALAC ( Apple Lossless ), FLAC, APE, WAV ( 最高支持 192-KHz/24-bits )&lt;br /&gt;\r\n     &lt;/td&gt;\r\n   &lt;/tr&gt;\r\n   &lt;tr&gt;\r\n      &lt;td&gt;\r\n        支持声音解码格式：AAC/AAC+/eAAC+, MP3, MP3 VBR, NB-AMR, WB-AMR, MKA&lt;br /&gt;\r\n      &lt;/td&gt;\r\n   &lt;/tr&gt;\r\n &lt;/tbody&gt;\r\n&lt;/table&gt;\r\n&lt;br /&gt;');/* MySQLReback Separation */
 /* 插入数据 `im_product_param` */
 INSERT INTO `im_product_param` VALUES ('70','38','包装内容','&lt;table class=&quot;ke-zeroborder&quot; border=&quot;0&quot; bordercolor=&quot;#000000&quot; cellpadding=&quot;2&quot; cellspacing=&quot;0&quot; height=&quot;199&quot; width=&quot;690&quot;&gt;\r\n &lt;tbody&gt;\r\n   &lt;tr&gt;\r\n      &lt;td&gt;\r\n        USB 线缆及集线器&lt;br /&gt;\r\n      &lt;/td&gt;\r\n   &lt;/tr&gt;\r\n   &lt;tr&gt;\r\n      &lt;td&gt;\r\n        充电器&lt;br /&gt;\r\n     &lt;/td&gt;\r\n   &lt;/tr&gt;\r\n   &lt;tr&gt;\r\n      &lt;td&gt;\r\n        螺丝盒&lt;br /&gt;\r\n     &lt;/td&gt;\r\n   &lt;/tr&gt;\r\n   &lt;tr&gt;\r\n      &lt;td&gt;\r\n        螺丝刀&lt;br /&gt;\r\n     &lt;/td&gt;\r\n   &lt;/tr&gt;\r\n   &lt;tr&gt;\r\n      &lt;td&gt;\r\n        Smartisan T1 产品使用说明书&lt;br /&gt;\r\n      &lt;/td&gt;\r\n   &lt;/tr&gt;\r\n   &lt;tr&gt;\r\n      &lt;td&gt;\r\n        Smartisan T1 移动电话三包凭证&lt;br /&gt;\r\n     &lt;/td&gt;\r\n   &lt;/tr&gt;\r\n   &lt;tr&gt;\r\n      &lt;td&gt;\r\n        电子信息产品有害物质说明&lt;br /&gt;\r\n      &lt;/td&gt;\r\n   &lt;/tr&gt;\r\n   &lt;tr&gt;\r\n      &lt;td&gt;\r\n        支持语言：中文简体、中文繁体（台湾）、英语&lt;br /&gt;\r\n     &lt;/td&gt;\r\n   &lt;/tr&gt;\r\n &lt;/tbody&gt;\r\n&lt;/table&gt;\r\n&lt;br /&gt;');/* MySQLReback Separation */
 /* 插入数据 `im_product_param` */
 INSERT INTO `im_product_param` VALUES ('72','66','颜色','&lt;p style=&quot;text-indent:2em;&quot;&gt;\r\n	&lt;br /&gt;\r\n	&lt;table style=&quot;width:100%;background-color:#FFFFFF;&quot; cellpadding=&quot;0&quot; cellspacing=&quot;0&quot; border=&quot;0&quot; class=&quot;ke-zeroborder&quot; bordercolor=&quot;#FFFFFF&quot;&gt;\r\n		&lt;tbody&gt;\r\n			&lt;tr&gt;\r\n				&lt;td&gt;\r\n				&lt;/td&gt;\r\n				&lt;td&gt;\r\n				&lt;/td&gt;\r\n				&lt;td style=&quot;text-align:justify;&quot;&gt;\r\n					&lt;span style=&quot;line-height:1.5;&quot;&gt;&lt;/span&gt;&lt;img src=&quot;/Public/Product/param/image/20151103/20151103175412_47109.png&quot; alt=&quot;&quot; /&gt;&lt;span style=&quot;line-height:1.5;&quot;&gt;&lt;/span&gt;&lt;span style=&quot;line-height:1.5;&quot;&gt;&lt;/span&gt; \r\n				&lt;/td&gt;\r\n				&lt;td&gt;\r\n					&lt;img src=&quot;/Public/Product/param/image/20151103/20151103175431_62701.png&quot; alt=&quot;&quot; /&gt;&lt;br /&gt;\r\n				&lt;/td&gt;\r\n			&lt;/tr&gt;\r\n		&lt;/tbody&gt;\r\n	&lt;/table&gt;\r\n&lt;/p&gt;\r\n&lt;h3 style=&quot;text-indent:2em;&quot;&gt;\r\n&lt;/h3&gt;'),('73','66','规格','&lt;table style=&quot;width:100%;&quot; cellpadding=&quot;0&quot; cellspacing=&quot;0&quot; border=&quot;0&quot; class=&quot;ke-zeroborder&quot; bordercolor=&quot;#000000&quot;&gt;\r\n	&lt;tbody&gt;\r\n		&lt;tr&gt;\r\n			&lt;td&gt;\r\n				&lt;span style=&quot;font-size:14px;&quot;&gt;&lt;span style=&quot;font-size:18px;&quot;&gt;规格1&lt;/span&gt;&lt;/span&gt;&lt;br /&gt;\r\n			&lt;/td&gt;\r\n		&lt;/tr&gt;\r\n		&lt;tr&gt;\r\n			&lt;td&gt;\r\n				&lt;span style=&quot;font-size:16px;&quot;&gt;XXXXXXXXXXXXXXXXXXXXXXXXXXXXXXXXXXXXXXX&lt;/span&gt;&lt;br /&gt;\r\n			&lt;/td&gt;\r\n		&lt;/tr&gt;\r\n		&lt;tr&gt;\r\n			&lt;td&gt;\r\n				&lt;br /&gt;\r\n			&lt;/td&gt;\r\n		&lt;/tr&gt;\r\n		&lt;tr&gt;\r\n			&lt;td&gt;\r\n				&lt;span style=&quot;font-size:16px;&quot;&gt;规格2&lt;/span&gt;&lt;br /&gt;\r\n			&lt;/td&gt;\r\n		&lt;/tr&gt;\r\n		&lt;tr&gt;\r\n			&lt;td&gt;\r\n				&lt;span style=&quot;font-size:16px;&quot;&gt;XXXXXXXXXXXXXXXXXXXXXXXXXXXXXXXXXXXXXXX&lt;/span&gt;&lt;br /&gt;\r\n			&lt;/td&gt;\r\n		&lt;/tr&gt;\r\n		&lt;tr&gt;\r\n			&lt;td&gt;\r\n				&lt;br /&gt;\r\n			&lt;/td&gt;\r\n		&lt;/tr&gt;\r\n		&lt;tr&gt;\r\n			&lt;td&gt;\r\n				&lt;span style=&quot;font-size:16px;&quot;&gt;规格3&lt;/span&gt;&lt;br /&gt;\r\n			&lt;/td&gt;\r\n		&lt;/tr&gt;\r\n		&lt;tr&gt;\r\n			&lt;td&gt;\r\n				&lt;span style=&quot;font-size:16px;&quot;&gt;XXXXXXXXXXXXXXXXXXXXXXXXXXXXXXXXXXXXXXX&lt;/span&gt;&lt;br /&gt;\r\n			&lt;/td&gt;\r\n		&lt;/tr&gt;\r\n	&lt;/tbody&gt;\r\n&lt;/table&gt;\r\n&lt;br /&gt;'),('74','66','规格2','&lt;table style=&quot;width:100%;&quot; cellpadding=&quot;0&quot; cellspacing=&quot;0&quot; border=&quot;0&quot; class=&quot;ke-zeroborder&quot; bordercolor=&quot;#000000&quot;&gt;\r\n	&lt;tbody&gt;\r\n		&lt;tr&gt;\r\n			&lt;td&gt;\r\n				规格2陈述\r\n			&lt;/td&gt;\r\n		&lt;/tr&gt;\r\n		&lt;tr&gt;\r\n			&lt;td&gt;\r\n				规格3陈述\r\n			&lt;/td&gt;\r\n		&lt;/tr&gt;\r\n		&lt;tr&gt;\r\n			&lt;td&gt;\r\n				&lt;span&gt;规格4陈述&lt;/span&gt;&lt;br /&gt;\r\n			&lt;/td&gt;\r\n		&lt;/tr&gt;\r\n	&lt;/tbody&gt;\r\n&lt;/table&gt;\r\n&lt;br /&gt;');/* MySQLReback Separation */
 /* 创建表结构 `im_product_properties`  */
 DROP TABLE IF EXISTS `im_product_properties`;/* MySQLReback Separation */ CREATE TABLE `im_product_properties` (
  `id` int(10) unsigned NOT NULL AUTO_INCREMENT COMMENT '属性编号',
  `prop_name` varchar(32) NOT NULL DEFAULT '' COMMENT '属性分类',
  PRIMARY KEY (`id`)
) ENGINE=MyISAM AUTO_INCREMENT=4 DEFAULT CHARSET=utf8;/* MySQLReback Separation */
 /* 插入数据 `im_product_properties` */
 INSERT INTO `im_product_properties` VALUES ('1','颜色包装'),('2','规格'),('3','赠品');/* MySQLReback Separation */
 /* 创建表结构 `im_productnum`  */
 DROP TABLE IF EXISTS `im_productnum`;/* MySQLReback Separation */ CREATE TABLE `im_productnum` (
  `product_id` mediumint(8) unsigned NOT NULL COMMENT '商品id',
  `product_number` int(10) unsigned NOT NULL COMMENT '商品数量',
  `product_attr` varchar(150) NOT NULL DEFAULT '' COMMENT '货品的属性,商品属性表中的ID，如果有多个就升序排列',
  KEY `product_id` (`product_id`)
) ENGINE=MyISAM DEFAULT CHARSET=utf8 COMMENT='商品库存';/* MySQLReback Separation */
 /* 插入数据 `im_productnum` */
 INSERT INTO `im_productnum` VALUES ('66','7','451|453'),('66','20','452|453'),('66','21','451|454'),('38','11','442|444'),('38','7','441|444'),('38','13','441|443'),('38','1','442|443'),('66','25','452|454'),('68','8','445|446');/* MySQLReback Separation */
 /* 创建表结构 `im_products_attr`  */
 DROP TABLE IF EXISTS `im_products_attr`;/* MySQLReback Separation */ CREATE TABLE `im_products_attr` (
  `id` int(10) unsigned NOT NULL AUTO_INCREMENT COMMENT '属性编号',
  `pro_id` int(10) unsigned NOT NULL DEFAULT '0' COMMENT '关联商品ID',
  `prop_id` int(10) NOT NULL DEFAULT '0' COMMENT '关联属性ID',
  `prop_name` varchar(64) NOT NULL DEFAULT '' COMMENT '属性值',
  `prop_value` varchar(64) NOT NULL DEFAULT '',
  `prop_price` decimal(10,2) unsigned NOT NULL DEFAULT '0.00',
  `prop_weight` smallint(5) unsigned NOT NULL DEFAULT '0',
  PRIMARY KEY (`id`),
  KEY `pro_id` (`pro_id`)
) ENGINE=MyISAM AUTO_INCREMENT=455 DEFAULT CHARSET=utf8;/* MySQLReback Separation */
 /* 插入数据 `im_products_attr` */
 INSERT INTO `im_products_attr` VALUES ('442','38','2','32GB',null,'13.00','0'),('441','38','2','16GB',null,'12.00','0'),('452','66','2','规格1',null,'300.17','12'),('454','66','1','蓝色包装','#0000F6','280.13','15'),('453','66','1','红色包装','#F70000','150.16','10'),('451','66','2','规格2',null,'200.14','15'),('443','38','1','香槟金','#C5B697','20.00','0'),('445','68','2','12',null,'32.00','323'),('446','68','1','12','#000000','12.00','12'),('444','38','1','白色','#ffffff','30.00','0');/* MySQLReback Separation */
 /* 创建表结构 `im_promote`  */
 DROP TABLE IF EXISTS `im_promote`;/* MySQLReback Separation */ CREATE TABLE `im_promote` (
  `id` mediumint(8) unsigned NOT NULL AUTO_INCREMENT COMMENT 'id',
  `product_id` mediumint(8) unsigned NOT NULL COMMENT '商品id',
  `status` tinyint(4) NOT NULL DEFAULT '0' COMMENT '促销状态1折扣2会员折扣3买赠4满赠5团购6组合',
  `rate` varchar(5) NOT NULL DEFAULT '0' COMMENT '折扣率',
  `promote_num` tinyint(4) NOT NULL DEFAULT '0' COMMENT '促销数量',
  `condition` tinyint(4) NOT NULL DEFAULT '0' COMMENT '满赠条件',
  `gifts` varchar(20) NOT NULL DEFAULT '0' COMMENT '赠品id',
  `start_time` int(10) NOT NULL DEFAULT '0' COMMENT '促销开始时间',
  `end_time` int(10) NOT NULL DEFAULT '0' COMMENT '促销结束时间',
  `combs` varchar(20) NOT NULL DEFAULT '0' COMMENT '组合id',
  PRIMARY KEY (`id`),
  KEY `product_id` (`product_id`)
) ENGINE=InnoDB AUTO_INCREMENT=54 DEFAULT CHARSET=utf8 COMMENT='促销表';/* MySQLReback Separation */
 /* 插入数据 `im_promote` */
 INSERT INTO `im_promote` VALUES ('52','66','5','50','50','0','0','1450022400','1450281600','0'),('53','38','4','0','0','2','68','0','0','0');/* MySQLReback Separation */
 /* 创建表结构 `im_sale_service`  */
 DROP TABLE IF EXISTS `im_sale_service`;/* MySQLReback Separation */ CREATE TABLE `im_sale_service` (
  `id` int(11) NOT NULL AUTO_INCREMENT,
  `pro_id` int(11) NOT NULL DEFAULT '0' COMMENT '商品id',
  `service_type` int(11) DEFAULT NULL COMMENT '服务类型  2 退货 3 换货 1 维修',
  `applynum` int(11) NOT NULL DEFAULT '0' COMMENT '提交的数量',
  `description` text COMMENT '问题的描述',
  `images` varchar(32) NOT NULL DEFAULT '' COMMENT '图片信息',
  `return_way` int(4) DEFAULT NULL COMMENT '商品的返回方式',
  `province` varchar(32) NOT NULL DEFAULT '' COMMENT '省',
  `city` varchar(32) NOT NULL DEFAULT '' COMMENT '市',
  `area` varchar(32) NOT NULL DEFAULT '' COMMENT '县',
  `street` varchar(32) NOT NULL DEFAULT '' COMMENT '街道',
  `contact` varchar(32) NOT NULL DEFAULT '' COMMENT '联系人',
  `phone` varchar(32) NOT NULL DEFAULT '0' COMMENT '手机号码',
  `apply_time` int(11) NOT NULL DEFAULT '0' COMMENT '申请时间',
  `order_id` int(11) NOT NULL DEFAULT '0' COMMENT '订单id',
  `service_sn` varchar(32) DEFAULT NULL COMMENT '服务编号',
  `service_status` int(4) NOT NULL DEFAULT '0' COMMENT '处理状态 1同意申请  2处理 3已完成 4 已取消',
  `user_id` int(11) DEFAULT NULL COMMENT '用户id',
  PRIMARY KEY (`id`)
) ENGINE=MyISAM AUTO_INCREMENT=12 DEFAULT CHARSET=utf8;/* MySQLReback Separation */
 /* 创建表结构 `im_seo`  */
 DROP TABLE IF EXISTS `im_seo`;/* MySQLReback Separation */ CREATE TABLE `im_seo` (
  `id` int(11) NOT NULL AUTO_INCREMENT,
  `seoname` varchar(100) DEFAULT NULL,
  `ident` varchar(100) DEFAULT NULL,
  `title` varchar(100) DEFAULT NULL,
  `keywords` varchar(255) DEFAULT NULL,
  `description` text,
  `time` int(11) DEFAULT NULL,
  `affiliation` varchar(100) DEFAULT NULL,
  PRIMARY KEY (`id`)
) ENGINE=MyISAM AUTO_INCREMENT=7 DEFAULT CHARSET=gbk;/* MySQLReback Separation */
 /* 插入数据 `im_seo` */
 INSERT INTO `im_seo` VALUES ('1','首页','index','首页','智能手机,拍照手机,努比亚手机,nubia Z7,nubia Z7 Max,nubia Z7 mini,nubia X6','作为全球高端智能手机提供商，努比亚官网为您提供nubia Z7, nubia Z7 Max, nubia Z7 mini, nubia X6等产品介绍及在线购买','1357630306','0,4,13'),('2','商品页','productlist','商品页','商品页','商品页商品页商品页','1448168321',null);/* MySQLReback Separation */
 /* 创建表结构 `im_service_details`  */
 DROP TABLE IF EXISTS `im_service_details`;/* MySQLReback Separation */ CREATE TABLE `im_service_details` (
  `id` int(11) NOT NULL AUTO_INCREMENT,
  `service_id` char(24) DEFAULT NULL COMMENT '服务id',
  `message` text COMMENT '处理信息',
  `time` varchar(32) DEFAULT NULL COMMENT '处理时间',
  `operator` varchar(32) DEFAULT NULL COMMENT '操作人',
  PRIMARY KEY (`id`)
) ENGINE=MyISAM AUTO_INCREMENT=5 DEFAULT CHARSET=utf8;/* MySQLReback Separation */
 /* 插入数据 `im_service_details` */
 INSERT INTO `im_service_details` VALUES ('1','1','服务单已由yumiazusa取消','1449584967','yumiazusa'),('2','2','申请通过，请等待受理','1449585575','系统'),('3','2','受理成功，请将商品返回','1449585579','系统'),('4','2','服务完成','1449585581','系统');/* MySQLReback Separation */
 /* 创建表结构 `im_shipping_company`  */
 DROP TABLE IF EXISTS `im_shipping_company`;/* MySQLReback Separation */ CREATE TABLE `im_shipping_company` (
  `id` int(10) unsigned NOT NULL AUTO_INCREMENT,
  `com` varchar(32) NOT NULL DEFAULT '',
  `cname` varchar(64) NOT NULL DEFAULT '',
  PRIMARY KEY (`id`)
) ENGINE=InnoDB AUTO_INCREMENT=15 DEFAULT CHARSET=utf8;/* MySQLReback Separation */
 /* 插入数据 `im_shipping_company` */
 INSERT INTO `im_shipping_company` VALUES ('1','yuantong','圆通快递'),('2','shentong','申通快递'),('3','zhongtong','中通快递'),('4','shunfeng','顺丰快递'),('5','yunda','韵达快递'),('6','EMS','邮政EMS'),('7','youzheng','邮政包裹'),('8','tiantian','天天快递'),('9','huitong','百世汇通'),('10','quanyi','全一快递'),('11','debang','德邦物流'),('12','guotong','国通快递'),('13','quanfeng','全峰快递'),('14','zhaijisong','宅急送');/* MySQLReback Separation */
 /* 创建表结构 `im_shippings`  */
 DROP TABLE IF EXISTS `im_shippings`;/* MySQLReback Separation */ CREATE TABLE `im_shippings` (
  `id` tinyint(3) unsigned NOT NULL AUTO_INCREMENT COMMENT '物流方式编号',
  `sid` int(10) NOT NULL DEFAULT '0',
  `shipping_desc` varchar(255) NOT NULL DEFAULT '' COMMENT '描述',
  `is_default` tinyint(1) unsigned NOT NULL DEFAULT '0' COMMENT '是否默认',
  PRIMARY KEY (`id`)
) ENGINE=MyISAM AUTO_INCREMENT=3 DEFAULT CHARSET=utf8;/* MySQLReback Separation */
 /* 插入数据 `im_shippings` */
 INSERT INTO `im_shippings` VALUES ('1','1','圆通就是快','1'),('2','2','申通申通，一路顺风','0');/* MySQLReback Separation */
 /* 创建表结构 `im_sms_templates`  */
 DROP TABLE IF EXISTS `im_sms_templates`;/* MySQLReback Separation */ CREATE TABLE `im_sms_templates` (
  `id` int(10) unsigned NOT NULL AUTO_INCREMENT,
  `tmp_no` char(10) NOT NULL DEFAULT '',
  `tmp_title` varchar(64) NOT NULL DEFAULT '',
  `tmp_content` varchar(255) NOT NULL,
  `is_default` tinyint(1) NOT NULL DEFAULT '0',
  PRIMARY KEY (`id`)
) ENGINE=InnoDB AUTO_INCREMENT=2 DEFAULT CHARSET=utf8;/* MySQLReback Separation */
 /* 插入数据 `im_sms_templates` */
 INSERT INTO `im_sms_templates` VALUES ('1','2581','新用户注册','【Imagery商城】欢迎注册，验证码为：{1}，此验证码有效时间为{2}分钟','0');/* MySQLReback Separation */
 /* 创建表结构 `im_support_article_cat`  */
 DROP TABLE IF EXISTS `im_support_article_cat`;/* MySQLReback Separation */ CREATE TABLE `im_support_article_cat` (
  `id` int(10) unsigned NOT NULL AUTO_INCREMENT COMMENT '分类编号',
  `cat_name` varchar(64) NOT NULL DEFAULT '' COMMENT '分类名称',
  `sort` tinyint(3) NOT NULL DEFAULT '0' COMMENT '排序',
  `cat_desc` varchar(255) NOT NULL DEFAULT '' COMMENT '分类描述',
  `is_show` tinyint(1) NOT NULL DEFAULT '1' COMMENT '默认显示',
  PRIMARY KEY (`id`)
) ENGINE=MyISAM DEFAULT CHARSET=utf8;/* MySQLReback Separation */
 /* 创建表结构 `im_support_article_detail`  */
 DROP TABLE IF EXISTS `im_support_article_detail`;/* MySQLReback Separation */ CREATE TABLE `im_support_article_detail` (
  `id` int(10) unsigned NOT NULL AUTO_INCREMENT COMMENT '文章编号',
  `cat_id` int(10) unsigned NOT NULL DEFAULT '0' COMMENT '分类ID',
  `title` varchar(255) NOT NULL DEFAULT '' COMMENT '新闻标题',
  `keywords` varchar(128) NOT NULL DEFAULT '' COMMENT '关键字',
  `description` varchar(255) NOT NULL DEFAULT '' COMMENT '描述',
  `create_time` int(11) NOT NULL DEFAULT '0' COMMENT '创建日期',
  `content` text NOT NULL COMMENT '内容',
  `clicktimes` int(10) NOT NULL DEFAULT '0' COMMENT '浏览次数',
  `is_show` tinyint(1) NOT NULL DEFAULT '1' COMMENT '默认显示',
  PRIMARY KEY (`id`),
  KEY `cat_id` (`cat_id`)
) ENGINE=MyISAM DEFAULT CHARSET=utf8;/* MySQLReback Separation */
 /* 创建表结构 `im_support_download_cat`  */
 DROP TABLE IF EXISTS `im_support_download_cat`;/* MySQLReback Separation */ CREATE TABLE `im_support_download_cat` (
  `id` int(11) NOT NULL AUTO_INCREMENT COMMENT '分类编号',
  `cat_name` varchar(64) NOT NULL DEFAULT '' COMMENT '分类名称',
  `sort` tinyint(30) NOT NULL COMMENT '排序',
  `cat_desc` varchar(255) NOT NULL DEFAULT '' COMMENT '分类描述',
  `is_show` tinyint(1) NOT NULL DEFAULT '1' COMMENT '默认显示',
  PRIMARY KEY (`id`)
) ENGINE=MyISAM DEFAULT CHARSET=utf8;/* MySQLReback Separation */
 /* 创建表结构 `im_support_downloads`  */
 DROP TABLE IF EXISTS `im_support_downloads`;/* MySQLReback Separation */ CREATE TABLE `im_support_downloads` (
  `id` int(10) unsigned NOT NULL AUTO_INCREMENT COMMENT '下载编号',
  `cat_id` int(10) unsigned NOT NULL DEFAULT '0' COMMENT '类别ID',
  `title` varchar(255) NOT NULL DEFAULT '' COMMENT '标题',
  `linkurl` varchar(255) NOT NULL DEFAULT '' COMMENT '外链地址',
  `keywords` varchar(128) NOT NULL DEFAULT '' COMMENT '关键字',
  `description` text COMMENT '描述',
  `ctime` int(11) NOT NULL DEFAULT '0' COMMENT '创建时间',
  `savepath` varchar(255) NOT NULL DEFAULT '' COMMENT '保存本地地址',
  `clicktimes` int(10) NOT NULL DEFAULT '0' COMMENT '点击次数',
  `is_show` tinyint(1) NOT NULL DEFAULT '1' COMMENT '默认显示',
  `thumbnail` varchar(128) NOT NULL DEFAULT '' COMMENT '缩略图',
  `filesize` varchar(32) NOT NULL DEFAULT '' COMMENT '文件大小',
  PRIMARY KEY (`id`)
) ENGINE=MyISAM DEFAULT CHARSET=utf8;/* MySQLReback Separation */
 /* 创建表结构 `im_support_faq_cate`  */
 DROP TABLE IF EXISTS `im_support_faq_cate`;/* MySQLReback Separation */ CREATE TABLE `im_support_faq_cate` (
  `id` int(11) unsigned NOT NULL AUTO_INCREMENT COMMENT '分类id',
  `cate_name` varchar(32) CHARACTER SET utf8 COLLATE utf8_general_mysql500_ci NOT NULL DEFAULT '' COMMENT '分类名',
  PRIMARY KEY (`id`)
) ENGINE=MyISAM DEFAULT CHARSET=utf8;/* MySQLReback Separation */
 /* 创建表结构 `im_support_map`  */
 DROP TABLE IF EXISTS `im_support_map`;/* MySQLReback Separation */ CREATE TABLE `im_support_map` (
  `id` int(5) unsigned NOT NULL AUTO_INCREMENT COMMENT '省id',
  `name` varchar(255) NOT NULL DEFAULT '' COMMENT '省市名',
  `pid` int(5) NOT NULL COMMENT ' 市',
  `path` char(10) NOT NULL DEFAULT '' COMMENT 'id 和 pid 关系',
  `address` varchar(255) NOT NULL DEFAULT '' COMMENT '详细地址',
  `cname` varchar(255) NOT NULL DEFAULT '' COMMENT '公司名',
  `tel` varchar(20) NOT NULL DEFAULT '' COMMENT '电话',
  `wtime` varchar(255) NOT NULL DEFAULT '' COMMENT '工作时间',
  `map_x` double(12,6) unsigned NOT NULL DEFAULT '0.000000' COMMENT '地图坐标x',
  `map_y` double(12,6) unsigned NOT NULL DEFAULT '0.000000' COMMENT '地图坐标y',
  `status` tinyint(1) NOT NULL DEFAULT '1' COMMENT '显示',
  PRIMARY KEY (`id`)
) ENGINE=MyISAM DEFAULT CHARSET=utf8;/* MySQLReback Separation */
 /* 创建表结构 `im_support_map_province`  */
 DROP TABLE IF EXISTS `im_support_map_province`;/* MySQLReback Separation */ CREATE TABLE `im_support_map_province` (
  `id` int(10) unsigned NOT NULL AUTO_INCREMENT,
  `province` varchar(100) NOT NULL DEFAULT '',
  PRIMARY KEY (`id`)
) ENGINE=InnoDB AUTO_INCREMENT=2 DEFAULT CHARSET=utf8;/* MySQLReback Separation */
 /* 插入数据 `im_support_map_province` */
 INSERT INTO `im_support_map_province` VALUES ('1','北京');/* MySQLReback Separation */
 /* 创建表结构 `im_support_video`  */
 DROP TABLE IF EXISTS `im_support_video`;/* MySQLReback Separation */ CREATE TABLE `im_support_video` (
  `id` int(5) unsigned NOT NULL AUTO_INCREMENT,
  `title` varchar(255) NOT NULL DEFAULT '' COMMENT '板块或标题',
  `pid` char(5) NOT NULL COMMENT '所属哪个板块下',
  `path` char(5) NOT NULL COMMENT 'id和type关系',
  `simg` varchar(255) NOT NULL DEFAULT '' COMMENT '小图',
  `weburl` varchar(255) NOT NULL DEFAULT '' COMMENT '网络视频',
  `status` tinyint(1) NOT NULL DEFAULT '1',
  PRIMARY KEY (`id`)
) ENGINE=MyISAM DEFAULT CHARSET=utf8;/* MySQLReback Separation */
 /* 创建表结构 `im_sys_config`  */
 DROP TABLE IF EXISTS `im_sys_config`;/* MySQLReback Separation */ CREATE TABLE `im_sys_config` (
  `cname` varchar(32) NOT NULL DEFAULT '' COMMENT '配置名称',
  `cvalue` text COMMENT '配置值',
  UNIQUE KEY `name` (`cname`)
) ENGINE=MyISAM DEFAULT CHARSET=utf8;/* MySQLReback Separation */
 /* 插入数据 `im_sys_config` */
 INSERT INTO `im_sys_config` VALUES ('sy_webname','Imagery'),('sy_web_online','0'),('sy_seo_rewrite','1'),('sy_webemail','admin@imagry.com'),('sy_webrecor','京123456'),('sy_webtel','010-11112-222'),('sy_freewebtel','400-6006-6006'),('sy_qq','400-6006-8008'),('sy_webadd','北京Imagery科技大厦B座201'),('sy_webclose','系统例行维护'),('sy_webkeyword','手机商城,智能手机'),('sy_webmeta','imagry手机,手机中的新贵'),('sy_webcopyright','Copyright (C) 2009-2014 All Rights Reserved 版权所有'),('sy_safekey','152463'),('sy_fkeyword','台湾,台独'),('sy_fkeyword_all','***'),('sy_bannedip','0.0.0.0'),('sy_bannedip_alert','您的当前IP，该站已经禁止访问，请联系管理员处理。'),('sy_regname','admin,zhongguo,root'),('code_web','7'),('code_type','3'),('code_filetype','1'),('code_width','100'),('code_height','35'),('code_strlength','4'),('logo','logo.png'),('map_tocity','1'),('map_key','1346'),('map_x','130.355'),('map_y','69.358'),('memcacheon','0'),('memcachehost','127.0.0.1'),('memcacheport','3926'),('memcachetime','36'),('webcache','0'),('webcachetime','3600'),('email_serv_addr','smtp.qq.com'),('email_serv_port','25'),('email_serv_uname','114988321@qq.com'),('email_serv_pwd','Ll15925183123'),('email_type','HTML'),('email_sender_count','114988321@qq.com'),('email_send_reg','0'),('email_send_verify','1'),('email_get_pwd','1'),('email_delivery_remind','1'),('email_payment_remind','0'),('email_interview','1'),('sms_accountsid','e2ebaebf73107a65e0d0404339d89830'),('sms_token','a148139e676a9bad1eaa4c4a42e6a38f'),('sms_appid','c1dccd7f5e474251a36995a570f9ed63'),('logo2','12'),('logo3',null),('paypal_cancel_pay','http://127.0.0.1/index.php/Buy/cancel'),('paypal_api_receive','http://127.0.0.1/index.php/Buy/doPaypal'),('paypal_email','tubu8@qq.com'),('paypal_env','sandbox'),('paypal_api_uname','tubu8_api1.qq.com'),('paypal_api_pwd','3AY3CKCRNXG6SE59'),('paypal_api_signature','AAqPBAV7TcT2NrZyxZzSPTGS6eTJAdbU'),('paypal_currency','USD'),('paypal_pay_complete','http://127.0.0.1/index.php/Buy/complete'),('shipping_id','108124'),('shipping_secret','36e82eb79043f8d450d75f6ff45ed11a'),('shipping_type','json'),('shipping_ord','asc'),('shipping_encode','utf8'),('shipping_ver','2');/* MySQLReback Separation */
 /* 创建表结构 `im_type`  */
 DROP TABLE IF EXISTS `im_type`;/* MySQLReback Separation */ CREATE TABLE `im_type` (
  `id` mediumint(8) unsigned NOT NULL AUTO_INCREMENT COMMENT 'id',
  `type_name` varchar(30) NOT NULL COMMENT '类型名称',
  PRIMARY KEY (`id`)
) ENGINE=MyISAM AUTO_INCREMENT=10 DEFAULT CHARSET=utf8 COMMENT='商品类型';/* MySQLReback Separation */
 /* 插入数据 `im_type` */
 INSERT INTO `im_type` VALUES ('9','手机'),('8','服装');/* MySQLReback Separation */
 /* 创建表结构 `im_user_address`  */
 DROP TABLE IF EXISTS `im_user_address`;/* MySQLReback Separation */ CREATE TABLE `im_user_address` (
  `id` int(10) unsigned NOT NULL AUTO_INCREMENT COMMENT '地址编号',
  `user_id` int(10) NOT NULL DEFAULT '0' COMMENT '关联用户编号',
  `reciver_user` varchar(32) NOT NULL DEFAULT '' COMMENT '收件人',
  `reciver_phone` char(15) NOT NULL DEFAULT '' COMMENT '联系方式',
  `province` varchar(100) NOT NULL DEFAULT '' COMMENT '省',
  `city` varchar(100) NOT NULL DEFAULT '' COMMENT '市',
  `area` varchar(100) NOT NULL DEFAULT '' COMMENT '县',
  `street` varchar(255) NOT NULL DEFAULT '' COMMENT '详细地址',
  `zipcode` char(8) NOT NULL DEFAULT '' COMMENT '邮编',
  `is_default` tinyint(1) NOT NULL DEFAULT '0' COMMENT '是否为默认',
  PRIMARY KEY (`id`),
  KEY `user_id` (`user_id`)
) ENGINE=MyISAM AUTO_INCREMENT=8 DEFAULT CHARSET=utf8;/* MySQLReback Separation */
 /* 插入数据 `im_user_address` */
 INSERT INTO `im_user_address` VALUES ('2','2','李根','13759169373','云南省','昆明市','盘龙区','学府路230号3栋',null,'1');/* MySQLReback Separation */
 /* 创建表结构 `im_user_info`  */
 DROP TABLE IF EXISTS `im_user_info`;/* MySQLReback Separation */ CREATE TABLE `im_user_info` (
  `user_id` int(10) unsigned NOT NULL AUTO_INCREMENT COMMENT '关联用户编号',
  `sex` tinyint(1) NOT NULL DEFAULT '1' COMMENT '性别',
  `true_name` varchar(32) NOT NULL DEFAULT '' COMMENT '真实姓名',
  `birthday` char(10) NOT NULL DEFAULT '0000-00-00' COMMENT '生日 ',
  `marry` tinyint(1) NOT NULL DEFAULT '0' COMMENT '婚姻状况',
  `education` tinyint(1) NOT NULL DEFAULT '4' COMMENT '1 博士后 2博士 3硕士 4本科 5大专 6中专 7高中 8初中几以下',
  `province` varchar(64) NOT NULL DEFAULT '' COMMENT '省（非收货）',
  `city` varchar(64) NOT NULL DEFAULT '' COMMENT '市（非收货）',
  `area` varchar(64) NOT NULL DEFAULT '' COMMENT '县（非收货）',
  `address` varchar(255) NOT NULL DEFAULT '' COMMENT '详细地址',
  `job` varchar(255) NOT NULL DEFAULT '0' COMMENT '行业',
  `thumb` varchar(128) NOT NULL DEFAULT '' COMMENT '头像',
  `identity` varchar(18) NOT NULL DEFAULT '',
  `wage` tinyint(1) NOT NULL DEFAULT '0',
  KEY `user_id` (`user_id`)
) ENGINE=MyISAM AUTO_INCREMENT=3 DEFAULT CHARSET=utf8;/* MySQLReback Separation */
 /* 插入数据 `im_user_info` */
 INSERT INTO `im_user_info` VALUES ('1','1','易德','1989-5-11','2','2','地球','中国','太平区','xxxx园','1','/Public/User/php_avatar1_20150121110144_100_EGT2NIL6.jpg',null,'0'),('2','1',null,'2015-1-1','3','5','云南省','昆明市','盘龙区',null,'1','/Public/User/php_avatar1_20151207221121_544_8BABNX8Y.jpg','530102198802172153','1');/* MySQLReback Separation */
 /* 创建表结构 `im_users`  */
 DROP TABLE IF EXISTS `im_users`;/* MySQLReback Separation */ CREATE TABLE `im_users` (
  `id` int(10) unsigned NOT NULL AUTO_INCREMENT COMMENT '用户编号',
  `uname` char(10) NOT NULL DEFAULT '' COMMENT '用户注册随机生成的用户名',
  `email` varchar(64) NOT NULL DEFAULT '' COMMENT '用户注册邮箱',
  `mobile` char(15) NOT NULL DEFAULT '' COMMENT '用户注册手机',
  `password` char(40) NOT NULL DEFAULT '' COMMENT '用户密码',
  `create_time` int(11) NOT NULL DEFAULT '0' COMMENT '创建时间',
  `last_login_time` int(11) NOT NULL DEFAULT '0' COMMENT '上次登录时间',
  `last_login_ip` char(15) NOT NULL DEFAULT '0' COMMENT '上次IP',
  `login_times` int(10) unsigned NOT NULL DEFAULT '0',
  `mobile_state` tinyint(1) NOT NULL DEFAULT '0',
  `email_state` tinyint(1) NOT NULL DEFAULT '0' COMMENT '设置是否已经验证',
  `active_code` char(32) NOT NULL DEFAULT '' COMMENT '激活码',
  `level` int(10) NOT NULL DEFAULT '0' COMMENT '会员等级',
  `status` tinyint(1) NOT NULL DEFAULT '1' COMMENT '用户状态',
  PRIMARY KEY (`id`),
  KEY `email` (`email`),
  KEY `mobile` (`mobile`)
) ENGINE=MyISAM AUTO_INCREMENT=3 DEFAULT CHARSET=utf8;/* MySQLReback Separation */
 /* 插入数据 `im_users` */
 INSERT INTO `im_users` VALUES ('1','Eden','tubu8@qq.com',null,'2f2038e8d64490fa8bfda36222c29ba57b4784d4','1421204045','1421204045','2130706433','0','1','1','28b5d5916a4dd5facc02055bd8612019','0','1'),('2','yumiazusa','yumiazusa@hotmail.com',null,'61fce85fcd6e6305e23a4fe8e48c97ba376e993b','1444318939','1444318939','2130706433','0','0','1','237deb8f6a866ac45f32366aa4da3543','2','1');/* MySQLReback Separation */
 /* 创建表结构 `im_visit`  */
 DROP TABLE IF EXISTS `im_visit`;/* MySQLReback Separation */ CREATE TABLE `im_visit` (
  `id` int(10) unsigned NOT NULL AUTO_INCREMENT,
  `vtime` varchar(32) NOT NULL DEFAULT '' COMMENT '日期  格式 Y-m-d',
  `visit_count` int(11) DEFAULT NULL COMMENT '访问量',
  PRIMARY KEY (`id`)
) ENGINE=MyISAM AUTO_INCREMENT=50 DEFAULT CHARSET=utf8;/* MySQLReback Separation */
 /* 插入数据 `im_visit` */
 INSERT INTO `im_visit` VALUES ('1','2015-01-18','1'),('10','2015-01-26','2'),('11','2015-09-22','3'),('12','2015-09-23','2'),('13','2015-09-26','2'),('14','2015-09-27','1'),('15','2015-10-01','1'),('16','2015-10-08','1'),('17','2015-10-09','2'),('18','2015-10-10','2'),('19','2015-10-11','3'),('20','2015-10-24','2'),('21','2015-10-25','3'),('22','2015-10-27','2'),('23','2015-10-29','1'),('24','2015-11-01','2'),('25','2015-11-03','2'),('26','2015-11-05','1'),('27','2015-11-08','2'),('28','2015-11-09','1'),('29','2015-11-12','1'),('30','2015-11-21','3'),('31','2015-11-22','3'),('32','2015-11-23','2'),('33','2015-11-24','1'),('34','2015-11-25','2'),('35','2015-11-26','1'),('36','2015-11-29','6'),('37','2015-12-01','2'),('38','2015-12-02','3'),('39','2015-12-03','1'),('40','2015-12-04','1'),('41','2015-12-05','4'),('42','2015-12-07','2'),('43','2015-12-08','1'),('44','2015-12-09','1'),('45','2015-12-10','2'),('46','2015-12-12','3'),('47','2015-12-13','3'),('48','2015-12-14','1'),('49','2015-12-15','1');/* MySQLReback Separation */